peak_id,seqnames,start,end,Demo01,Demo02,Demo03,Demo04,Demo05,Demo06,Demo07,Demo08
SyntheticPeak0001,chrSynthetic,1000,1249,47,22,29,77,110,158,38,131
SyntheticPeak0002,chrSynthetic,1500,1749,44,88,24,37,130,161,75,258
SyntheticPeak0003,chrSynthetic,2000,2249,90,197,28,323,92,386,587,416
SyntheticPeak0004,chrSynthetic,2500,2749,42,49,63,50,121,265,91,194
SyntheticPeak0005,chrSynthetic,3000,3249,109,122,131,295,355,1076,326,875
SyntheticPeak0006,chrSynthetic,3500,3749,43,53,28,42,149,137,121,162
SyntheticPeak0007,chrSynthetic,4000,4249,8,11,27,21,65,115,39,61
SyntheticPeak0008,chrSynthetic,4500,4749,27,198,81,160,174,557,138,608
SyntheticPeak0009,chrSynthetic,5000,5249,42,64,57,65,234,170,181,238
SyntheticPeak0010,chrSynthetic,5500,5749,15,58,37,55,95,215,185,201
SyntheticPeak0011,chrSynthetic,6000,6249,285,494,101,673,396,442,195,726
SyntheticPeak0012,chrSynthetic,6500,6749,57,149,120,191,247,781,466,623
SyntheticPeak0013,chrSynthetic,7000,7249,170,204,120,140,149,269,721,488
SyntheticPeak0014,chrSynthetic,7500,7749,298,518,275,587,894,1138,303,2022
SyntheticPeak0015,chrSynthetic,8000,8249,125,361,167,380,436,858,1467,110
SyntheticPeak0016,chrSynthetic,8500,8749,58,29,51,86,81,140,186,255
SyntheticPeak0017,chrSynthetic,9000,9249,63,170,126,98,278,590,595,381
SyntheticPeak0018,chrSynthetic,9500,9749,134,214,61,210,116,251,150,520
SyntheticPeak0019,chrSynthetic,10000,10249,12,38,31,11,125,93,85,104
SyntheticPeak0020,chrSynthetic,10500,10749,15,67,64,86,159,56,155,21
SyntheticPeak0021,chrSynthetic,11000,11249,38,38,47,0,55,23,39,208
SyntheticPeak0022,chrSynthetic,11500,11749,68,164,80,87,144,250,204,279
SyntheticPeak0023,chrSynthetic,12000,12249,50,250,214,588,667,1474,939,439
SyntheticPeak0024,chrSynthetic,12500,12749,72,109,141,201,245,215,707,780
SyntheticPeak0025,chrSynthetic,13000,13249,22,42,62,33,90,146,123,83
SyntheticPeak0026,chrSynthetic,13500,13749,254,220,167,226,1348,253,589,926
SyntheticPeak0027,chrSynthetic,14000,14249,11,19,20,24,47,59,73,40
SyntheticPeak0028,chrSynthetic,14500,14749,42,73,43,30,86,125,105,167
SyntheticPeak0029,chrSynthetic,15000,15249,117,653,271,297,746,1406,576,853
SyntheticPeak0030,chrSynthetic,15500,15749,8,32,41,19,153,97,99,154
SyntheticPeak0031,chrSynthetic,16000,16249,35,11,58,55,109,260,174,86
SyntheticPeak0032,chrSynthetic,16500,16749,24,40,17,46,82,102,85,206
SyntheticPeak0033,chrSynthetic,17000,17249,96,127,43,159,237,461,239,506
SyntheticPeak0034,chrSynthetic,17500,17749,150,260,224,139,785,665,249,1850
SyntheticPeak0035,chrSynthetic,18000,18249,154,193,120,104,168,521,310,772
SyntheticPeak0036,chrSynthetic,18500,18749,174,37,94,174,142,319,378,650
SyntheticPeak0037,chrSynthetic,19000,19249,83,14,66,60,27,79,46,171
SyntheticPeak0038,chrSynthetic,19500,19749,71,37,26,60,79,206,116,236
SyntheticPeak0039,chrSynthetic,20000,20249,70,104,55,80,147,78,231,238
SyntheticPeak0040,chrSynthetic,20500,20749,30,57,32,76,360,228,141,273
SyntheticPeak0041,chrSynthetic,21000,21249,50,43,56,36,159,122,108,275
SyntheticPeak0042,chrSynthetic,21500,21749,21,192,73,84,403,703,298,862
SyntheticPeak0043,chrSynthetic,22000,22249,34,51,40,67,71,77,128,229
SyntheticPeak0044,chrSynthetic,22500,22749,11,57,35,24,38,103,102,104
SyntheticPeak0045,chrSynthetic,23000,23249,171,574,256,254,779,1200,796,1029
SyntheticPeak0046,chrSynthetic,23500,23749,100,117,345,56,435,525,300,597
SyntheticPeak0047,chrSynthetic,24000,24249,295,255,261,283,410,531,669,1036
SyntheticPeak0048,chrSynthetic,24500,24749,290,291,196,187,417,331,549,925
SyntheticPeak0049,chrSynthetic,25000,25249,34,87,16,68,80,149,109,252
SyntheticPeak0050,chrSynthetic,25500,25749,3,9,7,10,28,24,33,37
SyntheticPeak0051,chrSynthetic,26000,26249,106,42,108,117,340,317,315,478
SyntheticPeak0052,chrSynthetic,26500,26749,28,84,52,44,42,222,106,270
SyntheticPeak0053,chrSynthetic,27000,27249,47,99,19,21,189,211,182,220
SyntheticPeak0054,chrSynthetic,27500,27749,25,27,30,24,76,70,100,133
SyntheticPeak0055,chrSynthetic,28000,28249,148,144,64,123,502,639,263,539
SyntheticPeak0056,chrSynthetic,28500,28749,42,55,37,68,132,148,167,268
SyntheticPeak0057,chrSynthetic,29000,29249,156,126,145,317,305,581,676,749
SyntheticPeak0058,chrSynthetic,29500,29749,823,707,696,910,2468,2509,2776,3265
SyntheticPeak0059,chrSynthetic,30000,30249,162,150,51,101,315,515,264,727
SyntheticPeak0060,chrSynthetic,30500,30749,14,46,18,70,75,252,86,161
SyntheticPeak0061,chrSynthetic,31000,31249,59,34,87,114,157,513,119,402
SyntheticPeak0062,chrSynthetic,31500,31749,42,79,39,24,113,137,121,266
SyntheticPeak0063,chrSynthetic,32000,32249,41,24,16,85,88,144,60,240
SyntheticPeak0064,chrSynthetic,32500,32749,60,32,55,7,136,72,65,61
SyntheticPeak0065,chrSynthetic,33000,33249,4,48,54,102,76,399,160,128
SyntheticPeak0066,chrSynthetic,33500,33749,62,36,63,64,216,178,199,361
SyntheticPeak0067,chrSynthetic,34000,34249,58,70,30,43,99,240,128,366
SyntheticPeak0068,chrSynthetic,34500,34749,48,48,39,37,122,173,176,237
SyntheticPeak0069,chrSynthetic,35000,35249,88,227,103,264,198,428,721,803
SyntheticPeak0070,chrSynthetic,35500,35749,40,105,170,88,297,238,141,205
SyntheticPeak0071,chrSynthetic,36000,36249,150,65,62,95,230,374,518,688
SyntheticPeak0072,chrSynthetic,36500,36749,13,60,15,57,51,73,29,94
SyntheticPeak0073,chrSynthetic,37000,37249,89,261,346,298,611,700,585,1077
SyntheticPeak0074,chrSynthetic,37500,37749,80,174,146,133,251,389,293,116
SyntheticPeak0075,chrSynthetic,38000,38249,34,74,77,109,110,494,324,210
SyntheticPeak0076,chrSynthetic,38500,38749,54,42,48,39,409,291,180,554
SyntheticPeak0077,chrSynthetic,39000,39249,13,71,13,70,286,248,115,156
SyntheticPeak0078,chrSynthetic,39500,39749,17,33,18,27,122,246,116,46
SyntheticPeak0079,chrSynthetic,40000,40249,224,635,684,785,1884,1258,706,3778
SyntheticPeak0080,chrSynthetic,40500,40749,45,46,27,38,77,99,57,169
SyntheticPeak0081,chrSynthetic,41000,41249,65,46,43,61,21,46,23,16
SyntheticPeak0082,chrSynthetic,41500,41749,67,23,34,49,35,59,21,25
SyntheticPeak0083,chrSynthetic,42000,42249,58,80,85,84,6,34,17,29
SyntheticPeak0084,chrSynthetic,42500,42749,39,26,37,25,4,9,17,4
SyntheticPeak0085,chrSynthetic,43000,43249,29,18,14,27,10,3,5,16
SyntheticPeak0086,chrSynthetic,43500,43749,39,14,15,46,14,16,16,11
SyntheticPeak0087,chrSynthetic,44000,44249,324,11,145,161,85,58,69,99
SyntheticPeak0088,chrSynthetic,44500,44749,53,146,141,308,45,57,16,77
SyntheticPeak0089,chrSynthetic,45000,45249,60,23,89,171,11,8,26,44
SyntheticPeak0090,chrSynthetic,45500,45749,286,283,304,551,166,215,123,157
SyntheticPeak0091,chrSynthetic,46000,46249,33,131,102,220,17,60,53,25
SyntheticPeak0092,chrSynthetic,46500,46749,16,22,92,100,6,9,20,15
SyntheticPeak0093,chrSynthetic,47000,47249,24,43,23,76,5,4,5,40
SyntheticPeak0094,chrSynthetic,47500,47749,15,26,10,14,12,13,8,10
SyntheticPeak0095,chrSynthetic,48000,48249,58,40,59,24,1,5,3,20
SyntheticPeak0096,chrSynthetic,48500,48749,109,196,97,261,39,63,35,34
SyntheticPeak0097,chrSynthetic,49000,49249,99,25,23,77,19,34,19,20
SyntheticPeak0098,chrSynthetic,49500,49749,22,26,3,29,4,30,18,11
SyntheticPeak0099,chrSynthetic,50000,50249,4,25,42,64,15,3,6,14
SyntheticPeak0100,chrSynthetic,50500,50749,165,310,211,112,123,249,94,136
SyntheticPeak0101,chrSynthetic,51000,51249,53,107,23,175,27,63,41,108
SyntheticPeak0102,chrSynthetic,51500,51749,115,79,66,17,19,29,35,38
SyntheticPeak0103,chrSynthetic,52000,52249,60,132,90,168,8,80,61,22
SyntheticPeak0104,chrSynthetic,52500,52749,34,16,19,51,4,20,21,13
SyntheticPeak0105,chrSynthetic,53000,53249,37,117,74,200,19,126,22,21
SyntheticPeak0106,chrSynthetic,53500,53749,29,82,117,279,16,108,38,38
SyntheticPeak0107,chrSynthetic,54000,54249,591,607,245,261,88,101,144,170
SyntheticPeak0108,chrSynthetic,54500,54749,5,6,7,3,0,3,4,1
SyntheticPeak0109,chrSynthetic,55000,55249,270,177,186,165,33,70,36,86
SyntheticPeak0110,chrSynthetic,55500,55749,273,563,434,337,146,196,148,79
SyntheticPeak0111,chrSynthetic,56000,56249,14,34,16,21,4,8,4,12
SyntheticPeak0112,chrSynthetic,56500,56749,80,59,62,55,11,10,19,41
SyntheticPeak0113,chrSynthetic,57000,57249,18,31,14,69,5,3,4,4
SyntheticPeak0114,chrSynthetic,57500,57749,12,53,7,39,1,9,4,12
SyntheticPeak0115,chrSynthetic,58000,58249,16,47,48,48,6,9,14,11
SyntheticPeak0116,chrSynthetic,58500,58749,16,80,7,32,2,11,17,3
SyntheticPeak0117,chrSynthetic,59000,59249,231,286,234,351,61,136,59,124
SyntheticPeak0118,chrSynthetic,59500,59749,12,21,13,29,6,10,14,6
SyntheticPeak0119,chrSynthetic,60000,60249,9,8,12,10,3,3,2,2
SyntheticPeak0120,chrSynthetic,60500,60749,5,25,15,85,18,3,6,31
SyntheticPeak0121,chrSynthetic,61000,61249,77,108,102,270,13,17,37,56
SyntheticPeak0122,chrSynthetic,61500,61749,18,41,12,60,5,1,11,10
SyntheticPeak0123,chrSynthetic,62000,62249,0,31,6,22,3,6,2,7
SyntheticPeak0124,chrSynthetic,62500,62749,46,89,63,61,23,9,12,12
SyntheticPeak0125,chrSynthetic,63000,63249,8,6,8,9,0,12,4,8
SyntheticPeak0126,chrSynthetic,63500,63749,30,72,62,39,11,28,18,34
SyntheticPeak0127,chrSynthetic,64000,64249,193,264,101,197,135,73,113,50
SyntheticPeak0128,chrSynthetic,64500,64749,70,222,143,181,38,57,13,40
SyntheticPeak0129,chrSynthetic,65000,65249,18,8,6,42,1,3,3,5
SyntheticPeak0130,chrSynthetic,65500,65749,105,253,112,107,10,72,25,51
SyntheticPeak0131,chrSynthetic,66000,66249,62,30,38,61,12,16,16,28
SyntheticPeak0132,chrSynthetic,66500,66749,32,27,37,62,4,16,10,15
SyntheticPeak0133,chrSynthetic,67000,67249,144,253,103,190,31,58,45,65
SyntheticPeak0134,chrSynthetic,67500,67749,90,434,194,264,24,75,19,86
SyntheticPeak0135,chrSynthetic,68000,68249,38,80,52,62,19,13,26,14
SyntheticPeak0136,chrSynthetic,68500,68749,138,295,161,482,72,32,70,94
SyntheticPeak0137,chrSynthetic,69000,69249,468,1364,322,2030,666,573,94,554
SyntheticPeak0138,chrSynthetic,69500,69749,9,12,20,33,14,9,7,16
SyntheticPeak0139,chrSynthetic,70000,70249,175,371,460,598,56,202,125,173
SyntheticPeak0140,chrSynthetic,70500,70749,29,51,37,26,12,11,28,8
SyntheticPeak0141,chrSynthetic,71000,71249,27,83,102,94,40,36,35,11
SyntheticPeak0142,chrSynthetic,71500,71749,2,2,6,7,2,0,3,1
SyntheticPeak0143,chrSynthetic,72000,72249,39,49,46,84,50,33,48,56
SyntheticPeak0144,chrSynthetic,72500,72749,55,65,108,31,38,12,24,19
SyntheticPeak0145,chrSynthetic,73000,73249,36,278,96,178,84,39,8,19
SyntheticPeak0146,chrSynthetic,73500,73749,14,38,20,92,3,34,21,28
SyntheticPeak0147,chrSynthetic,74000,74249,73,79,164,178,24,34,18,25
SyntheticPeak0148,chrSynthetic,74500,74749,20,17,45,28,17,2,10,1
SyntheticPeak0149,chrSynthetic,75000,75249,42,99,44,54,15,25,13,19
SyntheticPeak0150,chrSynthetic,75500,75749,205,93,95,138,27,37,22,37
SyntheticPeak0151,chrSynthetic,76000,76249,54,32,29,40,22,13,6,13
SyntheticPeak0152,chrSynthetic,76500,76749,27,135,36,97,32,48,34,12
SyntheticPeak0153,chrSynthetic,77000,77249,48,67,47,136,6,28,13,17
SyntheticPeak0154,chrSynthetic,77500,77749,4,71,43,65,7,15,12,29
SyntheticPeak0155,chrSynthetic,78000,78249,128,47,155,90,16,63,40,67
SyntheticPeak0156,chrSynthetic,78500,78749,118,161,74,145,7,15,19,33
SyntheticPeak0157,chrSynthetic,79000,79249,44,10,65,47,8,21,18,28
SyntheticPeak0158,chrSynthetic,79500,79749,67,245,260,181,25,24,49,25
SyntheticPeak0159,chrSynthetic,80000,80249,52,50,46,91,29,33,28,32
SyntheticPeak0160,chrSynthetic,80500,80749,101,111,72,334,31,60,34,35
SyntheticPeak0161,chrSynthetic,81000,81249,54,162,36,98,50,57,136,95
SyntheticPeak0162,chrSynthetic,81500,81749,239,228,175,281,252,226,177,100
SyntheticPeak0163,chrSynthetic,82000,82249,46,125,107,171,132,208,37,158
SyntheticPeak0164,chrSynthetic,82500,82749,66,67,48,83,52,82,67,78
SyntheticPeak0165,chrSynthetic,83000,83249,33,62,50,35,36,128,11,83
SyntheticPeak0166,chrSynthetic,83500,83749,9,40,16,35,42,8,44,34
SyntheticPeak0167,chrSynthetic,84000,84249,34,208,24,52,91,119,80,99
SyntheticPeak0168,chrSynthetic,84500,84749,42,56,92,145,103,68,126,121
SyntheticPeak0169,chrSynthetic,85000,85249,65,65,74,269,97,151,103,74
SyntheticPeak0170,chrSynthetic,85500,85749,6,66,51,25,13,16,23,36
SyntheticPeak0171,chrSynthetic,86000,86249,148,173,60,79,18,91,160,35
SyntheticPeak0172,chrSynthetic,86500,86749,62,113,31,155,79,78,51,62
SyntheticPeak0173,chrSynthetic,87000,87249,62,142,102,346,55,275,210,123
SyntheticPeak0174,chrSynthetic,87500,87749,60,71,56,71,72,187,91,88
SyntheticPeak0175,chrSynthetic,88000,88249,162,335,182,397,228,236,227,238
SyntheticPeak0176,chrSynthetic,88500,88749,76,48,17,194,130,52,101,158
SyntheticPeak0177,chrSynthetic,89000,89249,86,97,112,298,226,173,174,344
SyntheticPeak0178,chrSynthetic,89500,89749,28,18,22,15,1,94,26,14
SyntheticPeak0179,chrSynthetic,90000,90249,168,208,154,179,113,91,156,163
SyntheticPeak0180,chrSynthetic,90500,90749,8,4,2,47,15,5,8,24
SyntheticPeak0181,chrSynthetic,91000,91249,47,184,96,64,53,205,177,131
SyntheticPeak0182,chrSynthetic,91500,91749,57,104,70,170,152,210,109,124
SyntheticPeak0183,chrSynthetic,92000,92249,14,18,10,7,24,8,16,16
SyntheticPeak0184,chrSynthetic,92500,92749,112,253,344,589,42,220,198,163
SyntheticPeak0185,chrSynthetic,93000,93249,66,101,188,154,175,46,197,66
SyntheticPeak0186,chrSynthetic,93500,93749,50,44,45,70,37,54,70,126
SyntheticPeak0187,chrSynthetic,94000,94249,150,200,129,254,132,205,125,143
SyntheticPeak0188,chrSynthetic,94500,94749,145,284,85,289,231,198,184,283
SyntheticPeak0189,chrSynthetic,95000,95249,120,172,106,127,178,458,215,277
SyntheticPeak0190,chrSynthetic,95500,95749,108,152,134,136,134,217,107,128
SyntheticPeak0191,chrSynthetic,96000,96249,26,4,32,18,46,68,31,50
SyntheticPeak0192,chrSynthetic,96500,96749,15,51,34,32,35,62,27,17
SyntheticPeak0193,chrSynthetic,97000,97249,43,65,116,128,44,110,104,143
SyntheticPeak0194,chrSynthetic,97500,97749,167,75,26,165,128,60,37,85
SyntheticPeak0195,chrSynthetic,98000,98249,218,418,105,342,370,379,311,260
SyntheticPeak0196,chrSynthetic,98500,98749,75,107,189,20,158,78,96,227
SyntheticPeak0197,chrSynthetic,99000,99249,116,257,190,241,458,398,115,285
SyntheticPeak0198,chrSynthetic,99500,99749,120,70,80,73,42,84,75,97
SyntheticPeak0199,chrSynthetic,100000,100249,45,54,35,42,37,40,64,43
SyntheticPeak0200,chrSynthetic,100500,100749,30,20,20,41,6,32,13,29
SyntheticPeak0201,chrSynthetic,101000,101249,73,145,31,83,35,74,17,35
SyntheticPeak0202,chrSynthetic,101500,101749,117,155,197,70,147,54,107,228
SyntheticPeak0203,chrSynthetic,102000,102249,12,30,35,40,30,40,10,27
SyntheticPeak0204,chrSynthetic,102500,102749,493,797,584,1033,457,869,1332,508
SyntheticPeak0205,chrSynthetic,103000,103249,32,47,24,21,38,23,34,70
SyntheticPeak0206,chrSynthetic,103500,103749,6,13,41,24,37,14,28,38
SyntheticPeak0207,chrSynthetic,104000,104249,2,31,5,24,4,7,5,20
SyntheticPeak0208,chrSynthetic,104500,104749,28,63,62,85,117,43,58,18
SyntheticPeak0209,chrSynthetic,105000,105249,38,92,36,42,76,95,68,157
SyntheticPeak0210,chrSynthetic,105500,105749,125,117,146,75,143,293,157,197
SyntheticPeak0211,chrSynthetic,106000,106249,52,31,55,27,79,48,48,60
SyntheticPeak0212,chrSynthetic,106500,106749,111,204,99,135,137,72,121,116
SyntheticPeak0213,chrSynthetic,107000,107249,18,86,149,90,134,142,122,50
SyntheticPeak0214,chrSynthetic,107500,107749,27,31,18,44,35,20,33,29
SyntheticPeak0215,chrSynthetic,108000,108249,37,46,41,25,16,35,33,26
SyntheticPeak0216,chrSynthetic,108500,108749,227,274,239,301,146,158,123,124
SyntheticPeak0217,chrSynthetic,109000,109249,139,148,178,206,44,98,56,98
SyntheticPeak0218,chrSynthetic,109500,109749,36,84,29,33,65,60,62,91
SyntheticPeak0219,chrSynthetic,110000,110249,26,37,16,54,14,55,34,69
SyntheticPeak0220,chrSynthetic,110500,110749,22,35,16,30,28,43,39,19
SyntheticPeak0221,chrSynthetic,111000,111249,7,5,3,10,2,25,5,5
SyntheticPeak0222,chrSynthetic,111500,111749,22,10,42,39,49,88,34,27
SyntheticPeak0223,chrSynthetic,112000,112249,20,23,7,26,9,14,21,32
SyntheticPeak0224,chrSynthetic,112500,112749,130,415,630,451,545,617,485,213
SyntheticPeak0225,chrSynthetic,113000,113249,26,28,41,40,29,46,44,48
SyntheticPeak0226,chrSynthetic,113500,113749,8,24,11,3,28,40,25,23
SyntheticPeak0227,chrSynthetic,114000,114249,21,76,28,24,8,26,22,40
SyntheticPeak0228,chrSynthetic,114500,114749,61,51,28,36,100,97,23,119
SyntheticPeak0229,chrSynthetic,115000,115249,197,425,625,488,313,776,92,493
SyntheticPeak0230,chrSynthetic,115500,115749,94,102,115,113,93,304,250,308
SyntheticPeak0231,chrSynthetic,116000,116249,278,329,154,138,241,428,166,210
SyntheticPeak0232,chrSynthetic,116500,116749,98,73,128,138,12,176,157,220
SyntheticPeak0233,chrSynthetic,117000,117249,39,49,47,87,33,45,108,37
SyntheticPeak0234,chrSynthetic,117500,117749,89,247,281,188,138,121,183,158
SyntheticPeak0235,chrSynthetic,118000,118249,63,51,18,144,31,49,110,65
SyntheticPeak0236,chrSynthetic,118500,118749,54,43,58,62,36,25,33,42
SyntheticPeak0237,chrSynthetic,119000,119249,45,51,30,94,48,72,19,30
SyntheticPeak0238,chrSynthetic,119500,119749,120,124,72,214,54,451,134,136
SyntheticPeak0239,chrSynthetic,120000,120249,187,131,118,422,205,222,276,559
SyntheticPeak0240,chrSynthetic,120500,120749,137,97,71,261,64,205,133,122
SyntheticPeak0241,chrSynthetic,121000,121249,484,175,233,447,202,385,508,305
SyntheticPeak0242,chrSynthetic,121500,121749,36,91,40,66,41,48,39,41
SyntheticPeak0243,chrSynthetic,122000,122249,20,156,90,175,74,108,98,63
SyntheticPeak0244,chrSynthetic,122500,122749,24,39,15,29,21,43,34,44
SyntheticPeak0245,chrSynthetic,123000,123249,19,105,24,74,67,75,100,85
SyntheticPeak0246,chrSynthetic,123500,123749,59,199,142,53,43,60,65,99
SyntheticPeak0247,chrSynthetic,124000,124249,60,100,203,154,51,51,60,142
SyntheticPeak0248,chrSynthetic,124500,124749,164,99,56,85,71,119,33,120
SyntheticPeak0249,chrSynthetic,125000,125249,23,133,37,55,47,21,48,60
SyntheticPeak0250,chrSynthetic,125500,125749,189,95,114,116,161,75,149,142
SyntheticPeak0251,chrSynthetic,126000,126249,46,46,73,32,23,64,34,61
SyntheticPeak0252,chrSynthetic,126500,126749,17,17,12,27,12,18,27,22
SyntheticPeak0253,chrSynthetic,127000,127249,255,346,258,216,179,442,634,106
SyntheticPeak0254,chrSynthetic,127500,127749,5,23,14,50,15,43,63,35
SyntheticPeak0255,chrSynthetic,128000,128249,86,212,150,151,91,69,166,94
SyntheticPeak0256,chrSynthetic,128500,128749,20,39,25,24,11,49,30,18
SyntheticPeak0257,chrSynthetic,129000,129249,34,61,28,17,25,48,40,81
SyntheticPeak0258,chrSynthetic,129500,129749,163,169,69,245,268,262,138,329
SyntheticPeak0259,chrSynthetic,130000,130249,54,144,171,128,57,116,73,67
SyntheticPeak0260,chrSynthetic,130500,130749,62,62,61,140,41,118,146,104
SyntheticPeak0261,chrSynthetic,131000,131249,44,79,42,127,46,55,20,56
SyntheticPeak0262,chrSynthetic,131500,131749,21,73,44,75,85,84,52,117
SyntheticPeak0263,chrSynthetic,132000,132249,199,278,155,366,205,792,238,447
SyntheticPeak0264,chrSynthetic,132500,132749,7,9,5,31,6,17,9,17
SyntheticPeak0265,chrSynthetic,133000,133249,147,243,261,211,121,139,123,250
SyntheticPeak0266,chrSynthetic,133500,133749,158,307,183,232,95,267,311,192
SyntheticPeak0267,chrSynthetic,134000,134249,33,204,72,91,127,79,224,213
SyntheticPeak0268,chrSynthetic,134500,134749,9,31,5,42,10,61,8,26
SyntheticPeak0269,chrSynthetic,135000,135249,43,106,73,52,46,131,17,126
SyntheticPeak0270,chrSynthetic,135500,135749,15,96,28,87,13,74,111,57
SyntheticPeak0271,chrSynthetic,136000,136249,20,4,29,31,15,24,28,16
SyntheticPeak0272,chrSynthetic,136500,136749,50,118,38,85,88,55,81,26
SyntheticPeak0273,chrSynthetic,137000,137249,80,161,71,116,79,110,153,180
SyntheticPeak0274,chrSynthetic,137500,137749,68,231,127,354,360,268,113,321
SyntheticPeak0275,chrSynthetic,138000,138249,234,123,227,452,68,109,211,194
SyntheticPeak0276,chrSynthetic,138500,138749,92,196,53,328,64,121,62,48
SyntheticPeak0277,chrSynthetic,139000,139249,63,85,62,153,68,100,107,75
SyntheticPeak0278,chrSynthetic,139500,139749,16,15,20,47,6,26,6,11
SyntheticPeak0279,chrSynthetic,140000,140249,206,286,120,341,215,348,259,466
SyntheticPeak0280,chrSynthetic,140500,140749,40,160,45,121,127,181,43,132
SyntheticPeak0281,chrSynthetic,141000,141249,22,65,15,68,72,27,73,46
SyntheticPeak0282,chrSynthetic,141500,141749,15,35,18,38,29,59,32,47
SyntheticPeak0283,chrSynthetic,142000,142249,35,30,53,52,42,88,28,66
SyntheticPeak0284,chrSynthetic,142500,142749,74,26,49,68,22,72,46,45
SyntheticPeak0285,chrSynthetic,143000,143249,9,31,23,12,7,13,21,21
SyntheticPeak0286,chrSynthetic,143500,143749,107,158,137,258,34,228,276,169
SyntheticPeak0287,chrSynthetic,144000,144249,13,25,22,24,39,22,18,29
SyntheticPeak0288,chrSynthetic,144500,144749,73,108,117,65,66,29,48,53
SyntheticPeak0289,chrSynthetic,145000,145249,26,80,51,78,37,87,24,67
SyntheticPeak0290,chrSynthetic,145500,145749,42,45,102,56,73,78,53,62
SyntheticPeak0291,chrSynthetic,146000,146249,417,387,701,940,631,447,313,643
SyntheticPeak0292,chrSynthetic,146500,146749,138,70,103,169,49,38,190,79
SyntheticPeak0293,chrSynthetic,147000,147249,14,237,70,35,59,52,177,49
SyntheticPeak0294,chrSynthetic,147500,147749,20,20,28,11,10,23,19,6
SyntheticPeak0295,chrSynthetic,148000,148249,102,142,98,587,254,393,298,362
SyntheticPeak0296,chrSynthetic,148500,148749,127,63,82,67,6,105,28,129
SyntheticPeak0297,chrSynthetic,149000,149249,95,119,183,75,122,80,184,215
SyntheticPeak0298,chrSynthetic,149500,149749,74,55,43,84,72,95,34,51
SyntheticPeak0299,chrSynthetic,150000,150249,47,149,44,74,68,75,41,239
SyntheticPeak0300,chrSynthetic,150500,150749,80,359,471,613,319,196,307,536
SyntheticPeak0301,chrSynthetic,151000,151249,41,21,24,27,43,79,55,65
SyntheticPeak0302,chrSynthetic,151500,151749,146,255,288,236,272,230,166,415
SyntheticPeak0303,chrSynthetic,152000,152249,138,272,162,113,215,91,116,166
SyntheticPeak0304,chrSynthetic,152500,152749,34,39,23,55,27,64,41,27
SyntheticPeak0305,chrSynthetic,153000,153249,23,39,40,58,23,38,40,44
SyntheticPeak0306,chrSynthetic,153500,153749,626,249,660,717,395,147,158,1256
SyntheticPeak0307,chrSynthetic,154000,154249,67,124,232,104,95,46,246,110
SyntheticPeak0308,chrSynthetic,154500,154749,352,392,208,167,350,260,55,493
SyntheticPeak0309,chrSynthetic,155000,155249,16,133,60,98,77,193,129,325
SyntheticPeak0310,chrSynthetic,155500,155749,63,70,37,88,20,40,80,57
SyntheticPeak0311,chrSynthetic,156000,156249,111,57,59,37,117,187,53,101
SyntheticPeak0312,chrSynthetic,156500,156749,36,109,52,145,48,83,16,57
SyntheticPeak0313,chrSynthetic,157000,157249,87,45,52,51,62,30,102,58
SyntheticPeak0314,chrSynthetic,157500,157749,309,422,386,979,457,370,296,124
SyntheticPeak0315,chrSynthetic,158000,158249,44,140,110,31,89,55,33,233
SyntheticPeak0316,chrSynthetic,158500,158749,173,86,110,164,84,54,65,84
SyntheticPeak0317,chrSynthetic,159000,159249,64,127,68,154,62,104,69,291
SyntheticPeak0318,chrSynthetic,159500,159749,27,12,4,3,37,32,10,53
SyntheticPeak0319,chrSynthetic,160000,160249,16,14,35,10,13,22,13,17
SyntheticPeak0320,chrSynthetic,160500,160749,24,54,35,77,17,19,6,33
SyntheticPeak0321,chrSynthetic,161000,161249,19,30,32,22,15,24,44,14
SyntheticPeak0322,chrSynthetic,161500,161749,44,21,16,58,23,47,102,76
SyntheticPeak0323,chrSynthetic,162000,162249,59,63,94,91,85,47,48,150
SyntheticPeak0324,chrSynthetic,162500,162749,10,26,15,32,2,22,11,12
SyntheticPeak0325,chrSynthetic,163000,163249,43,41,17,13,22,42,26,43
SyntheticPeak0326,chrSynthetic,163500,163749,54,80,101,66,61,150,77,102
SyntheticPeak0327,chrSynthetic,164000,164249,83,149,49,158,100,149,50,118
SyntheticPeak0328,chrSynthetic,164500,164749,44,92,49,47,36,21,39,44
SyntheticPeak0329,chrSynthetic,165000,165249,57,10,34,56,13,82,51,30
SyntheticPeak0330,chrSynthetic,165500,165749,17,54,29,13,31,74,45,46
SyntheticPeak0331,chrSynthetic,166000,166249,131,131,25,224,60,65,100,204
SyntheticPeak0332,chrSynthetic,166500,166749,86,113,92,154,66,117,74,68
SyntheticPeak0333,chrSynthetic,167000,167249,34,85,133,110,121,98,142,88
SyntheticPeak0334,chrSynthetic,167500,167749,112,53,131,150,86,231,174,207
SyntheticPeak0335,chrSynthetic,168000,168249,62,146,57,170,79,122,162,110
SyntheticPeak0336,chrSynthetic,168500,168749,103,175,134,252,217,336,208,464
SyntheticPeak0337,chrSynthetic,169000,169249,10,15,11,8,19,27,9,25
SyntheticPeak0338,chrSynthetic,169500,169749,70,53,119,90,52,90,43,60
SyntheticPeak0339,chrSynthetic,170000,170249,166,117,81,151,115,113,67,145
SyntheticPeak0340,chrSynthetic,170500,170749,161,472,263,529,261,320,212,683
SyntheticPeak0341,chrSynthetic,171000,171249,73,109,151,71,135,629,241,311
SyntheticPeak0342,chrSynthetic,171500,171749,19,30,9,19,36,43,18,14
SyntheticPeak0343,chrSynthetic,172000,172249,28,250,161,223,135,143,108,94
SyntheticPeak0344,chrSynthetic,172500,172749,71,215,216,284,297,370,67,115
SyntheticPeak0345,chrSynthetic,173000,173249,13,89,28,30,78,8,39,28
SyntheticPeak0346,chrSynthetic,173500,173749,146,171,77,170,156,228,109,345
SyntheticPeak0347,chrSynthetic,174000,174249,30,42,147,115,26,86,63,51
SyntheticPeak0348,chrSynthetic,174500,174749,139,111,81,100,122,141,40,78
SyntheticPeak0349,chrSynthetic,175000,175249,87,91,110,89,98,33,52,143
SyntheticPeak0350,chrSynthetic,175500,175749,325,934,497,570,494,653,1120,1117
SyntheticPeak0351,chrSynthetic,176000,176249,132,93,108,335,93,89,82,126
SyntheticPeak0352,chrSynthetic,176500,176749,44,30,42,39,25,79,47,77
SyntheticPeak0353,chrSynthetic,177000,177249,27,30,20,41,35,40,38,73
SyntheticPeak0354,chrSynthetic,177500,177749,16,9,49,28,40,14,24,49
SyntheticPeak0355,chrSynthetic,178000,178249,51,61,75,118,35,30,31,54
SyntheticPeak0356,chrSynthetic,178500,178749,84,80,58,100,108,42,20,131
SyntheticPeak0357,chrSynthetic,179000,179249,38,197,42,204,105,206,240,267
SyntheticPeak0358,chrSynthetic,179500,179749,112,376,131,53,179,154,141,244
SyntheticPeak0359,chrSynthetic,180000,180249,91,106,127,56,128,132,120,96
SyntheticPeak0360,chrSynthetic,180500,180749,123,210,124,379,92,235,147,158
SyntheticPeak0361,chrSynthetic,181000,181249,93,152,74,96,146,217,90,65
SyntheticPeak0362,chrSynthetic,181500,181749,57,66,27,50,33,63,34,87
SyntheticPeak0363,chrSynthetic,182000,182249,196,203,165,151,134,136,240,160
SyntheticPeak0364,chrSynthetic,182500,182749,52,5,20,28,32,17,27,27
SyntheticPeak0365,chrSynthetic,183000,183249,58,86,35,135,116,140,60,177
SyntheticPeak0366,chrSynthetic,183500,183749,215,186,145,245,51,83,98,208
SyntheticPeak0367,chrSynthetic,184000,184249,64,60,34,123,111,71,37,138
SyntheticPeak0368,chrSynthetic,184500,184749,3,10,7,25,15,17,24,13
SyntheticPeak0369,chrSynthetic,185000,185249,10,28,38,23,25,60,9,55
SyntheticPeak0370,chrSynthetic,185500,185749,20,101,79,50,60,53,35,30
SyntheticPeak0371,chrSynthetic,186000,186249,37,94,35,72,33,91,68,68
SyntheticPeak0372,chrSynthetic,186500,186749,89,69,92,83,34,236,138,188
SyntheticPeak0373,chrSynthetic,187000,187249,25,48,17,67,35,29,72,39
SyntheticPeak0374,chrSynthetic,187500,187749,86,136,96,57,47,45,63,58
SyntheticPeak0375,chrSynthetic,188000,188249,57,109,35,87,77,46,26,74
SyntheticPeak0376,chrSynthetic,188500,188749,119,280,47,146,174,114,245,232
SyntheticPeak0377,chrSynthetic,189000,189249,131,58,133,10,74,55,181,114
SyntheticPeak0378,chrSynthetic,189500,189749,156,459,289,410,234,200,108,173
SyntheticPeak0379,chrSynthetic,190000,190249,147,381,243,320,201,99,151,273
SyntheticPeak0380,chrSynthetic,190500,190749,102,96,144,120,121,100,114,112
SyntheticPeak0381,chrSynthetic,191000,191249,41,26,43,103,31,29,38,32
SyntheticPeak0382,chrSynthetic,191500,191749,50,56,44,49,39,48,93,88
SyntheticPeak0383,chrSynthetic,192000,192249,109,41,206,64,52,61,57,323
SyntheticPeak0384,chrSynthetic,192500,192749,17,11,23,9,10,9,4,5
SyntheticPeak0385,chrSynthetic,193000,193249,24,47,42,36,44,33,40,65
SyntheticPeak0386,chrSynthetic,193500,193749,127,124,115,48,53,108,12,114
SyntheticPeak0387,chrSynthetic,194000,194249,189,222,158,135,171,179,64,196
SyntheticPeak0388,chrSynthetic,194500,194749,22,62,166,101,149,79,128,57
SyntheticPeak0389,chrSynthetic,195000,195249,33,55,21,53,75,104,28,68
SyntheticPeak0390,chrSynthetic,195500,195749,45,49,61,25,61,21,20,17
SyntheticPeak0391,chrSynthetic,196000,196249,121,69,108,78,122,72,250,269
SyntheticPeak0392,chrSynthetic,196500,196749,897,690,229,562,664,759,665,915
SyntheticPeak0393,chrSynthetic,197000,197249,27,28,14,26,35,21,23,48
SyntheticPeak0394,chrSynthetic,197500,197749,17,30,31,23,35,31,57,91
SyntheticPeak0395,chrSynthetic,198000,198249,19,20,11,20,22,20,12,45
SyntheticPeak0396,chrSynthetic,198500,198749,37,45,51,51,11,65,123,65
SyntheticPeak0397,chrSynthetic,199000,199249,36,33,34,16,27,37,26,54
SyntheticPeak0398,chrSynthetic,199500,199749,49,76,7,19,36,73,21,30
SyntheticPeak0399,chrSynthetic,200000,200249,142,185,111,50,228,252,144,242
SyntheticPeak0400,chrSynthetic,200500,200749,173,387,121,316,178,205,348,371
SyntheticPeak0401,chrSynthetic,201000,201249,33,47,37,55,38,82,78,71
SyntheticPeak0402,chrSynthetic,201500,201749,17,64,24,28,40,30,30,52
SyntheticPeak0403,chrSynthetic,202000,202249,63,113,80,196,88,124,53,72
SyntheticPeak0404,chrSynthetic,202500,202749,32,68,53,33,28,45,22,55
SyntheticPeak0405,chrSynthetic,203000,203249,57,82,93,96,206,61,95,96
SyntheticPeak0406,chrSynthetic,203500,203749,184,139,182,259,177,278,119,167
SyntheticPeak0407,chrSynthetic,204000,204249,73,220,106,99,28,190,60,112
SyntheticPeak0408,chrSynthetic,204500,204749,39,68,80,119,96,76,107,101
SyntheticPeak0409,chrSynthetic,205000,205249,151,49,154,174,100,84,107,91
SyntheticPeak0410,chrSynthetic,205500,205749,14,34,50,32,8,77,50,70
SyntheticPeak0411,chrSynthetic,206000,206249,319,284,189,407,185,203,482,532
SyntheticPeak0412,chrSynthetic,206500,206749,95,107,86,120,114,138,68,120
SyntheticPeak0413,chrSynthetic,207000,207249,30,13,28,16,12,15,8,25
SyntheticPeak0414,chrSynthetic,207500,207749,22,29,34,19,41,35,25,50
SyntheticPeak0415,chrSynthetic,208000,208249,258,487,207,540,355,176,222,324
SyntheticPeak0416,chrSynthetic,208500,208749,43,67,29,35,19,45,36,34
SyntheticPeak0417,chrSynthetic,209000,209249,25,19,106,65,109,20,62,110
SyntheticPeak0418,chrSynthetic,209500,209749,168,343,349,77,279,693,205,545
SyntheticPeak0419,chrSynthetic,210000,210249,26,32,24,47,21,65,29,40
SyntheticPeak0420,chrSynthetic,210500,210749,152,88,41,215,142,47,92,55
SyntheticPeak0421,chrSynthetic,211000,211249,17,2,9,9,12,10,24,6
SyntheticPeak0422,chrSynthetic,211500,211749,8,23,23,34,16,2,36,39
SyntheticPeak0423,chrSynthetic,212000,212249,41,54,35,48,22,45,12,32
SyntheticPeak0424,chrSynthetic,212500,212749,33,27,27,37,12,23,24,35
SyntheticPeak0425,chrSynthetic,213000,213249,19,31,29,40,21,13,23,36
SyntheticPeak0426,chrSynthetic,213500,213749,41,33,35,36,10,34,46,34
SyntheticPeak0427,chrSynthetic,214000,214249,213,639,427,333,507,633,482,420
SyntheticPeak0428,chrSynthetic,214500,214749,165,108,75,157,94,133,92,168
SyntheticPeak0429,chrSynthetic,215000,215249,45,105,108,133,54,265,118,123
SyntheticPeak0430,chrSynthetic,215500,215749,56,170,63,89,113,179,107,67
SyntheticPeak0431,chrSynthetic,216000,216249,12,19,22,38,14,21,14,4
SyntheticPeak0432,chrSynthetic,216500,216749,31,80,196,199,63,83,60,271
SyntheticPeak0433,chrSynthetic,217000,217249,34,101,26,65,48,188,51,101
SyntheticPeak0434,chrSynthetic,217500,217749,45,80,36,88,9,64,49,51
SyntheticPeak0435,chrSynthetic,218000,218249,13,10,9,67,14,19,9,17
SyntheticPeak0436,chrSynthetic,218500,218749,13,17,6,19,23,29,15,35
SyntheticPeak0437,chrSynthetic,219000,219249,249,237,179,222,157,223,152,197
SyntheticPeak0438,chrSynthetic,219500,219749,51,41,77,119,125,142,194,86
SyntheticPeak0439,chrSynthetic,220000,220249,4,13,34,19,21,12,13,12
SyntheticPeak0440,chrSynthetic,220500,220749,62,21,74,104,80,145,42,85
SyntheticPeak0441,chrSynthetic,221000,221249,147,185,157,215,101,71,67,147
SyntheticPeak0442,chrSynthetic,221500,221749,8,24,22,52,22,21,27,26
SyntheticPeak0443,chrSynthetic,222000,222249,28,140,23,47,50,54,43,69
SyntheticPeak0444,chrSynthetic,222500,222749,8,72,45,12,9,58,33,32
SyntheticPeak0445,chrSynthetic,223000,223249,21,33,32,82,60,18,40,40
SyntheticPeak0446,chrSynthetic,223500,223749,72,166,80,154,13,128,93,69
SyntheticPeak0447,chrSynthetic,224000,224249,113,84,48,242,102,149,154,248
SyntheticPeak0448,chrSynthetic,224500,224749,21,17,11,39,21,88,34,164
SyntheticPeak0449,chrSynthetic,225000,225249,51,63,99,114,50,66,63,71
SyntheticPeak0450,chrSynthetic,225500,225749,12,90,54,105,87,95,84,158
SyntheticPeak0451,chrSynthetic,226000,226249,32,174,49,168,35,12,47,70
SyntheticPeak0452,chrSynthetic,226500,226749,40,69,28,52,29,89,21,56
SyntheticPeak0453,chrSynthetic,227000,227249,33,71,56,52,34,104,33,98
SyntheticPeak0454,chrSynthetic,227500,227749,119,82,72,75,40,55,86,126
SyntheticPeak0455,chrSynthetic,228000,228249,57,101,30,49,99,66,85,153
SyntheticPeak0456,chrSynthetic,228500,228749,95,140,147,219,59,207,54,193
SyntheticPeak0457,chrSynthetic,229000,229249,87,32,118,57,103,61,39,122
SyntheticPeak0458,chrSynthetic,229500,229749,50,56,77,56,60,65,21,47
SyntheticPeak0459,chrSynthetic,230000,230249,47,98,38,103,38,41,102,87
SyntheticPeak0460,chrSynthetic,230500,230749,57,196,166,227,147,150,144,96
SyntheticPeak0461,chrSynthetic,231000,231249,64,115,40,132,114,85,25,64
SyntheticPeak0462,chrSynthetic,231500,231749,147,147,177,362,153,129,253,216
SyntheticPeak0463,chrSynthetic,232000,232249,21,5,68,37,12,9,4,35
SyntheticPeak0464,chrSynthetic,232500,232749,47,54,31,37,23,50,70,49
SyntheticPeak0465,chrSynthetic,233000,233249,211,128,119,377,146,316,198,157
SyntheticPeak0466,chrSynthetic,233500,233749,8,32,2,11,9,34,21,17
SyntheticPeak0467,chrSynthetic,234000,234249,32,43,23,60,50,34,46,43
SyntheticPeak0468,chrSynthetic,234500,234749,73,18,30,13,32,75,96,66
SyntheticPeak0469,chrSynthetic,235000,235249,129,242,166,399,354,135,277,149
SyntheticPeak0470,chrSynthetic,235500,235749,58,90,88,157,218,135,107,60
SyntheticPeak0471,chrSynthetic,236000,236249,40,68,29,56,34,30,64,39
SyntheticPeak0472,chrSynthetic,236500,236749,27,247,137,177,177,198,193,67
SyntheticPeak0473,chrSynthetic,237000,237249,69,19,45,33,37,154,37,46
SyntheticPeak0474,chrSynthetic,237500,237749,72,60,64,214,39,47,125,140
SyntheticPeak0475,chrSynthetic,238000,238249,128,165,124,193,56,221,72,260
SyntheticPeak0476,chrSynthetic,238500,238749,37,83,65,112,41,124,104,151
SyntheticPeak0477,chrSynthetic,239000,239249,53,67,137,160,80,103,116,57
SyntheticPeak0478,chrSynthetic,239500,239749,18,26,28,16,3,24,11,32
SyntheticPeak0479,chrSynthetic,240000,240249,57,215,118,178,123,211,199,95
SyntheticPeak0480,chrSynthetic,240500,240749,227,243,166,150,282,66,166,197
SyntheticPeak0481,chrSynthetic,241000,241249,79,166,98,171,61,121,84,109
SyntheticPeak0482,chrSynthetic,241500,241749,73,68,50,122,496,300,153,141
SyntheticPeak0483,chrSynthetic,242000,242249,60,170,64,58,157,143,75,92
SyntheticPeak0484,chrSynthetic,242500,242749,28,31,16,97,48,43,59,51
SyntheticPeak0485,chrSynthetic,243000,243249,194,1029,136,340,139,174,182,945
SyntheticPeak0486,chrSynthetic,243500,243749,13,27,12,33,42,36,23,36
SyntheticPeak0487,chrSynthetic,244000,244249,74,88,97,175,108,97,86,85
SyntheticPeak0488,chrSynthetic,244500,244749,389,360,378,122,715,286,274,357
SyntheticPeak0489,chrSynthetic,245000,245249,54,71,28,43,83,207,105,91
SyntheticPeak0490,chrSynthetic,245500,245749,29,66,44,22,25,80,25,9
SyntheticPeak0491,chrSynthetic,246000,246249,207,497,251,276,122,387,258,186
SyntheticPeak0492,chrSynthetic,246500,246749,311,327,493,661,353,485,359,348
SyntheticPeak0493,chrSynthetic,247000,247249,159,37,52,36,41,120,57,65
SyntheticPeak0494,chrSynthetic,247500,247749,77,149,130,128,330,342,372,396
SyntheticPeak0495,chrSynthetic,248000,248249,26,19,11,10,24,45,16,39
SyntheticPeak0496,chrSynthetic,248500,248749,80,101,177,98,92,145,91,125
SyntheticPeak0497,chrSynthetic,249000,249249,87,155,86,107,109,119,75,125
SyntheticPeak0498,chrSynthetic,249500,249749,93,30,116,121,78,120,56,155
SyntheticPeak0499,chrSynthetic,250000,250249,48,102,58,176,77,46,53,65
SyntheticPeak0500,chrSynthetic,250500,250749,22,127,48,79,55,109,88,51
SyntheticPeak0501,chrSynthetic,251000,251249,19,28,16,87,48,46,52,92
SyntheticPeak0502,chrSynthetic,251500,251749,25,91,32,35,47,67,39,48
SyntheticPeak0503,chrSynthetic,252000,252249,172,420,132,391,251,382,498,151
SyntheticPeak0504,chrSynthetic,252500,252749,169,191,141,201,109,243,131,149
SyntheticPeak0505,chrSynthetic,253000,253249,34,88,54,97,42,86,68,12
SyntheticPeak0506,chrSynthetic,253500,253749,58,51,47,53,29,23,58,113
SyntheticPeak0507,chrSynthetic,254000,254249,2,6,17,11,17,9,21,37
SyntheticPeak0508,chrSynthetic,254500,254749,502,1339,767,953,557,471,372,745
SyntheticPeak0509,chrSynthetic,255000,255249,183,222,145,152,149,359,170,293
SyntheticPeak0510,chrSynthetic,255500,255749,1,10,6,8,4,3,6,6
SyntheticPeak0511,chrSynthetic,256000,256249,58,68,240,210,67,170,118,247
SyntheticPeak0512,chrSynthetic,256500,256749,24,54,59,15,40,38,52,89
SyntheticPeak0513,chrSynthetic,257000,257249,35,88,79,64,103,83,125,79
SyntheticPeak0514,chrSynthetic,257500,257749,33,53,34,12,8,48,49,27
SyntheticPeak0515,chrSynthetic,258000,258249,44,73,64,81,42,159,41,66
SyntheticPeak0516,chrSynthetic,258500,258749,209,100,292,171,137,203,233,434
SyntheticPeak0517,chrSynthetic,259000,259249,12,14,33,9,13,25,28,25
SyntheticPeak0518,chrSynthetic,259500,259749,21,55,20,33,31,46,26,18
SyntheticPeak0519,chrSynthetic,260000,260249,43,69,42,108,88,80,55,42
SyntheticPeak0520,chrSynthetic,260500,260749,51,191,102,190,43,243,72,67
SyntheticPeak0521,chrSynthetic,261000,261249,24,17,25,22,12,37,25,30
SyntheticPeak0522,chrSynthetic,261500,261749,27,378,152,180,104,265,241,171
SyntheticPeak0523,chrSynthetic,262000,262249,247,170,35,170,89,155,123,283
SyntheticPeak0524,chrSynthetic,262500,262749,5,14,23,32,14,43,18,24
SyntheticPeak0525,chrSynthetic,263000,263249,16,36,33,20,16,44,5,47
SyntheticPeak0526,chrSynthetic,263500,263749,51,181,180,170,96,184,72,203
SyntheticPeak0527,chrSynthetic,264000,264249,43,58,23,20,5,15,12,67
SyntheticPeak0528,chrSynthetic,264500,264749,49,124,44,96,35,64,86,52
SyntheticPeak0529,chrSynthetic,265000,265249,113,122,144,211,74,244,152,245
SyntheticPeak0530,chrSynthetic,265500,265749,72,56,51,63,19,31,57,71
SyntheticPeak0531,chrSynthetic,266000,266249,14,15,30,29,8,53,25,27
SyntheticPeak0532,chrSynthetic,266500,266749,25,20,96,43,60,83,42,62
SyntheticPeak0533,chrSynthetic,267000,267249,41,55,73,35,16,66,27,74
SyntheticPeak0534,chrSynthetic,267500,267749,120,74,145,187,48,130,143,167
SyntheticPeak0535,chrSynthetic,268000,268249,60,114,154,397,130,233,121,197
SyntheticPeak0536,chrSynthetic,268500,268749,20,41,17,30,28,38,22,40
SyntheticPeak0537,chrSynthetic,269000,269249,12,70,29,79,23,10,29,43
SyntheticPeak0538,chrSynthetic,269500,269749,98,237,89,196,77,93,213,209
SyntheticPeak0539,chrSynthetic,270000,270249,157,92,143,69,75,212,18,141
SyntheticPeak0540,chrSynthetic,270500,270749,363,1230,307,737,359,340,1279,902
SyntheticPeak0541,chrSynthetic,271000,271249,64,134,61,109,17,75,46,125
SyntheticPeak0542,chrSynthetic,271500,271749,12,18,8,10,3,14,6,23
SyntheticPeak0543,chrSynthetic,272000,272249,7,17,14,19,24,35,6,62
SyntheticPeak0544,chrSynthetic,272500,272749,14,31,27,29,5,54,16,34
SyntheticPeak0545,chrSynthetic,273000,273249,38,22,20,54,19,63,25,23
SyntheticPeak0546,chrSynthetic,273500,273749,44,8,43,61,27,34,78,50
SyntheticPeak0547,chrSynthetic,274000,274249,179,150,99,333,211,212,122,238
SyntheticPeak0548,chrSynthetic,274500,274749,116,136,46,85,30,187,30,168
SyntheticPeak0549,chrSynthetic,275000,275249,27,47,69,65,53,27,57,46
SyntheticPeak0550,chrSynthetic,275500,275749,37,32,20,40,29,14,59,11
SyntheticPeak0551,chrSynthetic,276000,276249,127,152,126,167,91,126,116,161
SyntheticPeak0552,chrSynthetic,276500,276749,25,61,34,68,13,85,56,153
SyntheticPeak0553,chrSynthetic,277000,277249,64,48,73,80,124,74,130,178
SyntheticPeak0554,chrSynthetic,277500,277749,33,40,75,75,20,67,37,57
SyntheticPeak0555,chrSynthetic,278000,278249,10,23,20,66,11,9,34,10
SyntheticPeak0556,chrSynthetic,278500,278749,197,299,318,581,341,105,61,144
SyntheticPeak0557,chrSynthetic,279000,279249,12,36,8,24,22,22,33,26
SyntheticPeak0558,chrSynthetic,279500,279749,22,112,97,112,115,144,112,165
SyntheticPeak0559,chrSynthetic,280000,280249,75,178,70,104,54,152,53,126
SyntheticPeak0560,chrSynthetic,280500,280749,32,36,45,49,25,24,23,54
SyntheticPeak0561,chrSynthetic,281000,281249,34,31,49,98,128,102,51,104
SyntheticPeak0562,chrSynthetic,281500,281749,29,17,17,53,23,28,17,28
SyntheticPeak0563,chrSynthetic,282000,282249,34,83,52,60,60,32,27,50
SyntheticPeak0564,chrSynthetic,282500,282749,32,41,21,36,14,192,81,43
SyntheticPeak0565,chrSynthetic,283000,283249,83,169,153,81,210,317,63,159
SyntheticPeak0566,chrSynthetic,283500,283749,13,24,19,44,13,25,14,21
SyntheticPeak0567,chrSynthetic,284000,284249,128,54,84,291,19,113,200,196
SyntheticPeak0568,chrSynthetic,284500,284749,38,84,101,65,113,54,71,102
SyntheticPeak0569,chrSynthetic,285000,285249,35,158,181,120,195,42,69,134
SyntheticPeak0570,chrSynthetic,285500,285749,74,74,87,119,36,27,26,72
SyntheticPeak0571,chrSynthetic,286000,286249,43,25,47,95,53,117,89,117
SyntheticPeak0572,chrSynthetic,286500,286749,6,54,10,110,50,42,88,123
SyntheticPeak0573,chrSynthetic,287000,287249,60,192,96,137,100,266,115,98
SyntheticPeak0574,chrSynthetic,287500,287749,146,592,106,416,207,192,179,245
SyntheticPeak0575,chrSynthetic,288000,288249,14,6,9,7,22,5,13,19
SyntheticPeak0576,chrSynthetic,288500,288749,45,98,51,89,40,68,56,102
SyntheticPeak0577,chrSynthetic,289000,289249,50,164,94,66,145,96,159,135
SyntheticPeak0578,chrSynthetic,289500,289749,18,52,82,34,35,56,46,115
SyntheticPeak0579,chrSynthetic,290000,290249,82,81,198,194,234,152,139,100
SyntheticPeak0580,chrSynthetic,290500,290749,174,181,136,282,148,202,147,182
SyntheticPeak0581,chrSynthetic,291000,291249,163,104,128,179,116,91,89,205
SyntheticPeak0582,chrSynthetic,291500,291749,126,222,153,151,46,105,95,192
SyntheticPeak0583,chrSynthetic,292000,292249,129,131,151,47,120,402,198,410
SyntheticPeak0584,chrSynthetic,292500,292749,299,296,574,770,112,282,817,571
SyntheticPeak0585,chrSynthetic,293000,293249,24,48,42,22,15,50,25,33
SyntheticPeak0586,chrSynthetic,293500,293749,68,135,45,40,26,47,37,100
SyntheticPeak0587,chrSynthetic,294000,294249,68,72,101,145,24,135,107,109
SyntheticPeak0588,chrSynthetic,294500,294749,114,81,94,78,56,37,53,226
SyntheticPeak0589,chrSynthetic,295000,295249,163,188,175,213,105,134,211,197
SyntheticPeak0590,chrSynthetic,295500,295749,93,88,140,52,264,151,150,193
SyntheticPeak0591,chrSynthetic,296000,296249,238,233,269,602,314,268,459,173
SyntheticPeak0592,chrSynthetic,296500,296749,27,18,28,41,23,45,34,85
SyntheticPeak0593,chrSynthetic,297000,297249,43,59,48,49,15,38,63,142
SyntheticPeak0594,chrSynthetic,297500,297749,44,46,73,43,39,93,73,46
SyntheticPeak0595,chrSynthetic,298000,298249,15,41,15,20,16,46,19,47
SyntheticPeak0596,chrSynthetic,298500,298749,209,176,68,180,198,314,65,143
SyntheticPeak0597,chrSynthetic,299000,299249,35,5,72,83,12,23,72,38
SyntheticPeak0598,chrSynthetic,299500,299749,18,34,37,34,22,58,31,35
SyntheticPeak0599,chrSynthetic,300000,300249,454,588,277,710,278,338,314,793
SyntheticPeak0600,chrSynthetic,300500,300749,58,39,100,65,111,99,54,62
SyntheticPeak0601,chrSynthetic,301000,301249,51,126,50,40,78,94,55,53
SyntheticPeak0602,chrSynthetic,301500,301749,47,90,325,102,397,148,69,151
SyntheticPeak0603,chrSynthetic,302000,302249,15,2,24,12,11,18,9,16
SyntheticPeak0604,chrSynthetic,302500,302749,40,84,47,31,31,20,38,30
SyntheticPeak0605,chrSynthetic,303000,303249,120,365,157,206,110,131,90,389
SyntheticPeak0606,chrSynthetic,303500,303749,126,331,103,402,176,80,69,151
SyntheticPeak0607,chrSynthetic,304000,304249,49,69,31,39,79,56,20,99
SyntheticPeak0608,chrSynthetic,304500,304749,83,150,251,125,90,169,64,47
SyntheticPeak0609,chrSynthetic,305000,305249,57,76,69,75,92,119,91,94
SyntheticPeak0610,chrSynthetic,305500,305749,26,32,18,75,15,18,63,58
SyntheticPeak0611,chrSynthetic,306000,306249,96,141,76,168,177,133,75,169
SyntheticPeak0612,chrSynthetic,306500,306749,103,256,102,246,114,131,173,168
SyntheticPeak0613,chrSynthetic,307000,307249,81,103,132,147,74,197,129,127
SyntheticPeak0614,chrSynthetic,307500,307749,77,185,28,44,52,59,40,130
SyntheticPeak0615,chrSynthetic,308000,308249,208,61,151,331,137,312,264,70
SyntheticPeak0616,chrSynthetic,308500,308749,14,11,21,35,18,29,28,29
SyntheticPeak0617,chrSynthetic,309000,309249,5,16,8,19,4,17,7,29
SyntheticPeak0618,chrSynthetic,309500,309749,76,49,36,87,103,185,62,117
SyntheticPeak0619,chrSynthetic,310000,310249,45,124,212,28,66,287,95,229
SyntheticPeak0620,chrSynthetic,310500,310749,11,17,4,11,2,5,18,3
SyntheticPeak0621,chrSynthetic,311000,311249,54,137,104,119,90,104,149,198
SyntheticPeak0622,chrSynthetic,311500,311749,1,9,8,7,1,6,6,11
SyntheticPeak0623,chrSynthetic,312000,312249,12,4,7,12,6,14,10,7
SyntheticPeak0624,chrSynthetic,312500,312749,74,99,37,277,93,180,102,81
SyntheticPeak0625,chrSynthetic,313000,313249,41,14,16,57,25,57,16,74
SyntheticPeak0626,chrSynthetic,313500,313749,132,199,115,121,108,87,58,197
SyntheticPeak0627,chrSynthetic,314000,314249,215,246,103,168,112,331,201,149
SyntheticPeak0628,chrSynthetic,314500,314749,88,482,399,244,253,135,62,406
SyntheticPeak0629,chrSynthetic,315000,315249,22,127,247,50,47,62,56,30
SyntheticPeak0630,chrSynthetic,315500,315749,25,78,40,55,57,54,57,77
SyntheticPeak0631,chrSynthetic,316000,316249,20,163,171,163,33,165,131,94
SyntheticPeak0632,chrSynthetic,316500,316749,41,10,48,24,23,91,22,50
SyntheticPeak0633,chrSynthetic,317000,317249,96,75,73,109,163,100,64,156
SyntheticPeak0634,chrSynthetic,317500,317749,11,17,48,6,36,30,13,19
SyntheticPeak0635,chrSynthetic,318000,318249,7,7,8,7,9,3,19,3
SyntheticPeak0636,chrSynthetic,318500,318749,29,60,23,26,21,25,34,57
SyntheticPeak0637,chrSynthetic,319000,319249,23,67,46,137,34,39,29,44
SyntheticPeak0638,chrSynthetic,319500,319749,10,18,32,40,26,16,39,79
SyntheticPeak0639,chrSynthetic,320000,320249,52,177,184,85,69,120,113,99
SyntheticPeak0640,chrSynthetic,320500,320749,58,344,124,326,119,59,313,211
SyntheticPeak0641,chrSynthetic,321000,321249,32,68,21,92,31,112,72,25
SyntheticPeak0642,chrSynthetic,321500,321749,51,28,106,109,55,140,97,51
SyntheticPeak0643,chrSynthetic,322000,322249,260,130,37,137,96,41,80,214
SyntheticPeak0644,chrSynthetic,322500,322749,402,294,546,308,391,111,422,302
SyntheticPeak0645,chrSynthetic,323000,323249,40,40,74,77,36,42,52,46
SyntheticPeak0646,chrSynthetic,323500,323749,224,312,256,288,366,583,215,327
SyntheticPeak0647,chrSynthetic,324000,324249,96,66,67,54,76,101,54,52
SyntheticPeak0648,chrSynthetic,324500,324749,178,134,193,336,179,629,263,393
SyntheticPeak0649,chrSynthetic,325000,325249,1448,1813,590,564,1373,1107,356,905
SyntheticPeak0650,chrSynthetic,325500,325749,10,27,18,31,13,32,31,35
SyntheticPeak0651,chrSynthetic,326000,326249,41,78,28,20,33,69,48,10
SyntheticPeak0652,chrSynthetic,326500,326749,21,36,16,83,38,33,17,55
SyntheticPeak0653,chrSynthetic,327000,327249,39,31,74,127,11,81,74,108
SyntheticPeak0654,chrSynthetic,327500,327749,26,150,95,70,94,64,139,147
SyntheticPeak0655,chrSynthetic,328000,328249,94,49,37,116,64,52,64,80
SyntheticPeak0656,chrSynthetic,328500,328749,137,211,137,127,78,86,65,38
SyntheticPeak0657,chrSynthetic,329000,329249,138,160,121,129,191,30,166,448
SyntheticPeak0658,chrSynthetic,329500,329749,41,55,76,65,39,47,20,73
SyntheticPeak0659,chrSynthetic,330000,330249,20,10,14,24,13,6,14,10
SyntheticPeak0660,chrSynthetic,330500,330749,31,75,24,79,39,37,34,48
SyntheticPeak0661,chrSynthetic,331000,331249,78,160,156,183,72,176,187,139
SyntheticPeak0662,chrSynthetic,331500,331749,96,136,116,189,66,134,113,409
SyntheticPeak0663,chrSynthetic,332000,332249,96,199,237,259,166,151,143,289
SyntheticPeak0664,chrSynthetic,332500,332749,144,452,386,611,522,237,245,509
SyntheticPeak0665,chrSynthetic,333000,333249,36,44,65,55,45,35,41,77
SyntheticPeak0666,chrSynthetic,333500,333749,291,69,222,244,153,330,263,390
SyntheticPeak0667,chrSynthetic,334000,334249,53,46,77,83,103,61,115,56
SyntheticPeak0668,chrSynthetic,334500,334749,73,35,89,300,189,90,52,119
SyntheticPeak0669,chrSynthetic,335000,335249,24,59,24,45,39,49,42,32
SyntheticPeak0670,chrSynthetic,335500,335749,79,68,53,76,47,118,91,133
SyntheticPeak0671,chrSynthetic,336000,336249,46,50,22,83,37,47,28,93
SyntheticPeak0672,chrSynthetic,336500,336749,100,36,199,157,72,357,220,259
SyntheticPeak0673,chrSynthetic,337000,337249,23,41,75,85,36,84,42,73
SyntheticPeak0674,chrSynthetic,337500,337749,310,325,285,312,69,727,432,151
SyntheticPeak0675,chrSynthetic,338000,338249,58,36,36,43,23,68,14,65
SyntheticPeak0676,chrSynthetic,338500,338749,92,130,123,129,67,129,69,133
SyntheticPeak0677,chrSynthetic,339000,339249,242,289,60,377,302,780,219,926
SyntheticPeak0678,chrSynthetic,339500,339749,234,437,195,124,164,253,306,516
SyntheticPeak0679,chrSynthetic,340000,340249,26,48,51,83,65,43,66,80
SyntheticPeak0680,chrSynthetic,340500,340749,35,75,101,116,23,210,150,75
SyntheticPeak0681,chrSynthetic,341000,341249,22,41,32,30,15,32,18,32
SyntheticPeak0682,chrSynthetic,341500,341749,97,683,245,313,361,173,156,587
SyntheticPeak0683,chrSynthetic,342000,342249,30,39,31,62,52,48,45,24
SyntheticPeak0684,chrSynthetic,342500,342749,64,96,54,175,136,66,43,34
SyntheticPeak0685,chrSynthetic,343000,343249,8,10,20,13,27,23,12,18
SyntheticPeak0686,chrSynthetic,343500,343749,45,66,31,81,24,102,75,91
SyntheticPeak0687,chrSynthetic,344000,344249,6,16,27,21,16,37,42,48
SyntheticPeak0688,chrSynthetic,344500,344749,81,55,63,61,28,122,107,74
SyntheticPeak0689,chrSynthetic,345000,345249,51,26,20,27,18,30,35,89
SyntheticPeak0690,chrSynthetic,345500,345749,93,25,71,124,70,89,71,22
SyntheticPeak0691,chrSynthetic,346000,346249,62,65,36,109,18,78,53,232
SyntheticPeak0692,chrSynthetic,346500,346749,30,116,89,247,110,195,169,217
SyntheticPeak0693,chrSynthetic,347000,347249,55,31,17,120,34,50,41,35
SyntheticPeak0694,chrSynthetic,347500,347749,55,79,51,145,63,7,103,84
SyntheticPeak0695,chrSynthetic,348000,348249,281,349,94,446,133,426,89,256
SyntheticPeak0696,chrSynthetic,348500,348749,28,70,39,54,46,44,45,31
SyntheticPeak0697,chrSynthetic,349000,349249,26,24,69,61,22,48,18,126
SyntheticPeak0698,chrSynthetic,349500,349749,295,655,320,225,207,375,304,539
SyntheticPeak0699,chrSynthetic,350000,350249,84,302,59,135,105,232,167,113
SyntheticPeak0700,chrSynthetic,350500,350749,287,427,380,202,138,484,111,393
SyntheticPeak0701,chrSynthetic,351000,351249,47,128,157,53,32,111,52,122
SyntheticPeak0702,chrSynthetic,351500,351749,16,27,7,57,16,22,7,17
SyntheticPeak0703,chrSynthetic,352000,352249,49,81,60,75,145,140,48,221
SyntheticPeak0704,chrSynthetic,352500,352749,42,24,53,65,17,97,64,46
SyntheticPeak0705,chrSynthetic,353000,353249,8,48,63,38,62,77,25,50
SyntheticPeak0706,chrSynthetic,353500,353749,135,173,235,105,262,227,165,215
SyntheticPeak0707,chrSynthetic,354000,354249,81,62,102,192,152,110,65,227
SyntheticPeak0708,chrSynthetic,354500,354749,40,36,15,20,23,45,32,52
SyntheticPeak0709,chrSynthetic,355000,355249,25,35,95,36,17,51,12,11
SyntheticPeak0710,chrSynthetic,355500,355749,44,47,108,98,63,117,51,94
SyntheticPeak0711,chrSynthetic,356000,356249,113,180,67,679,81,313,143,459
SyntheticPeak0712,chrSynthetic,356500,356749,22,25,31,55,14,79,44,34
SyntheticPeak0713,chrSynthetic,357000,357249,167,372,122,328,167,151,91,235
SyntheticPeak0714,chrSynthetic,357500,357749,74,48,28,118,63,182,86,42
SyntheticPeak0715,chrSynthetic,358000,358249,22,29,24,40,26,42,42,59
SyntheticPeak0716,chrSynthetic,358500,358749,553,747,155,1082,734,899,2451,1522
SyntheticPeak0717,chrSynthetic,359000,359249,99,102,90,116,68,66,47,142
SyntheticPeak0718,chrSynthetic,359500,359749,167,379,184,355,452,144,169,299
SyntheticPeak0719,chrSynthetic,360000,360249,126,384,162,364,174,149,135,266
SyntheticPeak0720,chrSynthetic,360500,360749,123,33,7,43,65,98,37,21
SyntheticPeak0721,chrSynthetic,361000,361249,87,21,12,40,12,90,58,70
SyntheticPeak0722,chrSynthetic,361500,361749,258,171,152,108,130,437,81,171
SyntheticPeak0723,chrSynthetic,362000,362249,14,24,16,17,8,26,21,22
SyntheticPeak0724,chrSynthetic,362500,362749,27,31,48,62,19,85,18,61
SyntheticPeak0725,chrSynthetic,363000,363249,831,237,468,969,224,509,937,866
SyntheticPeak0726,chrSynthetic,363500,363749,47,56,48,87,26,59,38,35
SyntheticPeak0727,chrSynthetic,364000,364249,49,75,109,133,51,74,58,93
SyntheticPeak0728,chrSynthetic,364500,364749,8,5,10,13,3,23,12,9
SyntheticPeak0729,chrSynthetic,365000,365249,251,400,507,279,824,327,510,1056
SyntheticPeak0730,chrSynthetic,365500,365749,96,94,392,395,171,208,10,246
SyntheticPeak0731,chrSynthetic,366000,366249,163,811,697,338,789,622,797,1051
SyntheticPeak0732,chrSynthetic,366500,366749,95,40,33,116,97,65,79,148
SyntheticPeak0733,chrSynthetic,367000,367249,61,94,73,74,56,33,84,33
SyntheticPeak0734,chrSynthetic,367500,367749,123,139,20,139,13,90,16,182
SyntheticPeak0735,chrSynthetic,368000,368249,111,258,122,73,188,334,177,145
SyntheticPeak0736,chrSynthetic,368500,368749,15,43,31,36,18,46,23,34
SyntheticPeak0737,chrSynthetic,369000,369249,25,202,66,127,96,129,48,101
SyntheticPeak0738,chrSynthetic,369500,369749,126,330,394,181,224,130,230,368
SyntheticPeak0739,chrSynthetic,370000,370249,24,30,12,11,34,43,44,40
SyntheticPeak0740,chrSynthetic,370500,370749,33,29,14,13,22,29,9,20
SyntheticPeak0741,chrSynthetic,371000,371249,112,75,282,255,344,115,142,414
SyntheticPeak0742,chrSynthetic,371500,371749,50,83,45,131,139,87,124,68
SyntheticPeak0743,chrSynthetic,372000,372249,107,64,145,170,68,226,117,177
SyntheticPeak0744,chrSynthetic,372500,372749,189,280,376,292,243,202,307,151
SyntheticPeak0745,chrSynthetic,373000,373249,39,53,39,58,38,40,31,21
SyntheticPeak0746,chrSynthetic,373500,373749,61,32,84,35,23,38,24,47
SyntheticPeak0747,chrSynthetic,374000,374249,66,88,67,46,63,50,56,135
SyntheticPeak0748,chrSynthetic,374500,374749,126,311,246,273,96,396,80,141
SyntheticPeak0749,chrSynthetic,375000,375249,50,241,44,53,72,106,22,150
SyntheticPeak0750,chrSynthetic,375500,375749,71,187,45,77,59,169,80,74
SyntheticPeak0751,chrSynthetic,376000,376249,21,146,87,72,57,57,97,124
SyntheticPeak0752,chrSynthetic,376500,376749,128,63,114,77,108,285,122,143
SyntheticPeak0753,chrSynthetic,377000,377249,65,361,108,448,118,192,92,479
SyntheticPeak0754,chrSynthetic,377500,377749,159,84,76,231,44,67,79,62
SyntheticPeak0755,chrSynthetic,378000,378249,16,15,8,8,7,20,4,14
SyntheticPeak0756,chrSynthetic,378500,378749,12,23,20,44,12,37,26,40
SyntheticPeak0757,chrSynthetic,379000,379249,11,100,13,104,55,70,54,97
SyntheticPeak0758,chrSynthetic,379500,379749,14,31,28,18,44,9,25,20
SyntheticPeak0759,chrSynthetic,380000,380249,58,61,61,101,60,56,33,75
SyntheticPeak0760,chrSynthetic,380500,380749,6,17,22,24,12,17,11,38
SyntheticPeak0761,chrSynthetic,381000,381249,84,119,152,237,99,187,124,337
SyntheticPeak0762,chrSynthetic,381500,381749,119,216,101,75,122,113,246,124
SyntheticPeak0763,chrSynthetic,382000,382249,40,69,80,63,35,79,64,57
SyntheticPeak0764,chrSynthetic,382500,382749,60,74,70,82,107,37,37,48
SyntheticPeak0765,chrSynthetic,383000,383249,221,298,278,274,101,259,243,462
SyntheticPeak0766,chrSynthetic,383500,383749,46,121,92,96,124,295,158,117
SyntheticPeak0767,chrSynthetic,384000,384249,59,35,38,94,45,173,61,95
SyntheticPeak0768,chrSynthetic,384500,384749,61,27,73,15,27,75,30,54
SyntheticPeak0769,chrSynthetic,385000,385249,18,38,24,24,24,25,22,25
SyntheticPeak0770,chrSynthetic,385500,385749,35,199,33,262,118,103,92,124
SyntheticPeak0771,chrSynthetic,386000,386249,84,116,69,74,54,49,168,139
SyntheticPeak0772,chrSynthetic,386500,386749,131,143,180,151,61,37,51,115
SyntheticPeak0773,chrSynthetic,387000,387249,73,64,51,73,59,80,52,119
SyntheticPeak0774,chrSynthetic,387500,387749,38,57,43,66,73,47,115,59
SyntheticPeak0775,chrSynthetic,388000,388249,48,101,35,21,27,134,55,157
SyntheticPeak0776,chrSynthetic,388500,388749,87,371,140,322,145,164,440,278
SyntheticPeak0777,chrSynthetic,389000,389249,69,102,153,21,57,77,106,227
SyntheticPeak0778,chrSynthetic,389500,389749,171,164,176,410,164,293,312,289
SyntheticPeak0779,chrSynthetic,390000,390249,72,147,87,138,138,94,83,201
SyntheticPeak0780,chrSynthetic,390500,390749,38,42,39,70,9,53,23,35
SyntheticPeak0781,chrSynthetic,391000,391249,127,182,102,443,633,274,377,700
SyntheticPeak0782,chrSynthetic,391500,391749,66,56,108,99,69,57,38,47
SyntheticPeak0783,chrSynthetic,392000,392249,8,9,12,4,13,12,9,9
SyntheticPeak0784,chrSynthetic,392500,392749,90,144,39,181,107,117,63,116
SyntheticPeak0785,chrSynthetic,393000,393249,10,14,30,26,10,38,13,11
SyntheticPeak0786,chrSynthetic,393500,393749,68,111,103,104,54,168,115,77
SyntheticPeak0787,chrSynthetic,394000,394249,344,789,437,1054,519,530,407,888
SyntheticPeak0788,chrSynthetic,394500,394749,48,97,39,76,55,75,82,28
SyntheticPeak0789,chrSynthetic,395000,395249,124,287,601,976,344,574,242,280
SyntheticPeak0790,chrSynthetic,395500,395749,1,7,6,11,1,8,5,5
SyntheticPeak0791,chrSynthetic,396000,396249,71,177,88,204,158,345,158,287
SyntheticPeak0792,chrSynthetic,396500,396749,221,116,64,275,160,95,82,317
SyntheticPeak0793,chrSynthetic,397000,397249,63,66,29,30,90,118,25,83
SyntheticPeak0794,chrSynthetic,397500,397749,25,47,19,47,25,19,15,22
SyntheticPeak0795,chrSynthetic,398000,398249,7,45,12,9,8,32,70,26
SyntheticPeak0796,chrSynthetic,398500,398749,147,359,153,381,246,147,100,453
SyntheticPeak0797,chrSynthetic,399000,399249,179,334,326,213,148,265,191,314
SyntheticPeak0798,chrSynthetic,399500,399749,26,6,9,26,20,10,17,13
SyntheticPeak0799,chrSynthetic,400000,400249,23,42,56,37,44,27,16,42
SyntheticPeak0800,chrSynthetic,400500,400749,115,128,62,146,95,167,112,86
