peak_id,seqnames,start,end,Hg01,Hg02,Hg03,Hg04,Hg05,Hg06,Hg07,Hg08
SyntheticHg38Peak001,chr1,10996,11245,6,24,6,4,28,37,29,83
SyntheticHg38Peak002,chr1,30619,30868,30,24,51,36,127,102,188,172
SyntheticHg38Peak003,chr1,17311,17560,112,76,92,93,179,111,251,351
SyntheticHg38Peak004,chr1,28852,29101,24,14,53,82,38,188,66,98
SyntheticHg38Peak005,chr1,30241,30490,94,189,184,267,1008,175,324,193
SyntheticHg38Peak006,chr1,37470,37719,93,27,40,36,112,103,49,179
SyntheticHg38Peak007,chr1,65294,65543,52,58,25,47,185,100,77,217
SyntheticHg38Peak008,chr1,199736,199985,109,656,303,367,568,1517,231,1781
SyntheticHg38Peak009,chr1,140214,140463,16,83,42,54,181,145,117,303
SyntheticHg38Peak010,chr1,181079,181328,66,138,194,90,318,357,248,474
SyntheticHg38Peak011,chr1,180806,181055,85,68,164,92,131,241,191,551
SyntheticHg38Peak012,chr1,201119,201368,73,138,83,33,275,372,378,285
SyntheticHg38Peak013,chr1,187833,188082,45,31,20,25,134,67,72,103
SyntheticHg38Peak014,chr1,297377,297626,34,75,69,47,274,152,137,363
SyntheticHg38Peak015,chr1,359556,359805,22,31,41,33,65,139,85,92
SyntheticHg38Peak016,chr1,273075,273324,16,56,67,45,145,193,159,103
SyntheticHg38Peak017,chr1,485083,485332,57,260,79,179,304,308,282,202
SyntheticHg38Peak018,chr1,451553,451802,190,463,102,224,355,931,436,251
SyntheticHg38Peak019,chr1,502383,502632,66,54,92,140,182,202,267,336
SyntheticHg38Peak020,chr1,516354,516603,153,690,594,405,2262,1152,1428,1565
SyntheticHg38Peak021,chr1,827671,827920,25,39,36,22,110,138,100,237
SyntheticHg38Peak022,chr1,727086,727335,163,246,136,188,140,382,726,409
SyntheticHg38Peak023,chr1,631025,631274,69,162,156,243,215,231,270,257
SyntheticHg38Peak024,chr1,827714,827963,95,70,79,70,259,525,420,183
SyntheticHg38Peak025,chr1,778614,778863,133,98,132,65,259,117,471,390
SyntheticHg38Peak026,chr1,784245,784494,55,180,20,116,97,309,368,369
SyntheticHg38Peak027,chr1,817238,817487,27,21,23,24,88,114,58,82
SyntheticHg38Peak028,chr1,827700,827949,150,263,416,335,495,744,478,1347
SyntheticHg38Peak029,chr1,825013,825262,54,124,44,33,57,93,64,176
SyntheticHg38Peak030,chr1,853652,853901,32,30,47,49,60,101,56,154
SyntheticHg38Peak031,chr1,877109,877358,29,52,134,109,28,18,25,47
SyntheticHg38Peak032,chr1,904661,904910,149,149,217,174,48,23,47,33
SyntheticHg38Peak033,chr1,919567,919816,126,191,95,89,31,19,49,82
SyntheticHg38Peak034,chr1,925489,925738,67,85,50,136,33,51,23,24
SyntheticHg38Peak035,chr1,923798,924047,65,52,78,115,25,22,5,22
SyntheticHg38Peak036,chr1,959184,959433,46,88,203,279,53,132,153,79
SyntheticHg38Peak037,chr1,960459,960708,68,56,14,40,16,16,18,32
SyntheticHg38Peak038,chr1,966357,966606,47,51,59,100,13,20,45,45
SyntheticHg38Peak039,chr1,981992,982241,253,229,205,167,56,142,54,205
SyntheticHg38Peak040,chr1,1000047,1000296,33,64,92,59,28,79,69,23
SyntheticHg38Peak041,chr1,1001013,1001262,33,33,31,28,5,13,11,7
SyntheticHg38Peak042,chr1,1019995,1020244,165,395,513,226,122,18,167,128
SyntheticHg38Peak043,chr1,1058336,1058585,125,75,102,74,15,92,13,39
SyntheticHg38Peak044,chr1,1069222,1069471,77,87,87,116,52,16,28,41
SyntheticHg38Peak045,chr1,1074181,1074430,24,90,37,22,15,29,11,20
SyntheticHg38Peak046,chr1,1116236,1116485,31,108,68,119,8,16,27,20
SyntheticHg38Peak047,chr1,1128898,1129147,554,224,81,257,118,257,187,61
SyntheticHg38Peak048,chr1,1136892,1137141,47,49,28,42,15,1,7,31
SyntheticHg38Peak049,chr1,1166979,1167228,106,117,310,118,62,98,42,111
SyntheticHg38Peak050,chr1,1167738,1167987,84,43,32,153,10,49,9,9
SyntheticHg38Peak051,chr1,1168880,1169129,23,24,51,69,11,27,13,7
SyntheticHg38Peak052,chr1,1179430,1179679,82,47,89,51,17,17,10,11
SyntheticHg38Peak053,chr1,1173755,1174004,55,256,218,177,20,33,55,98
SyntheticHg38Peak054,chr1,1206467,1206716,147,145,190,200,54,65,60,42
SyntheticHg38Peak055,chr1,1214028,1214277,61,148,216,109,12,92,75,60
SyntheticHg38Peak056,chr1,1231906,1232155,44,125,124,42,38,7,79,46
SyntheticHg38Peak057,chr1,1232112,1232361,220,132,93,287,237,36,35,164
SyntheticHg38Peak058,chr1,1246597,1246846,174,41,175,201,19,28,22,3
SyntheticHg38Peak059,chr1,1273739,1273988,102,145,117,126,38,29,9,27
SyntheticHg38Peak060,chr1,1273908,1274157,60,51,25,193,32,34,9,13
SyntheticHg38Peak061,chr1,1280311,1280560,48,73,60,58,29,58,128,40
SyntheticHg38Peak062,chr1,1309484,1309733,55,80,43,47,19,26,16,41
SyntheticHg38Peak063,chr1,1296045,1296294,13,45,40,42,37,36,19,83
SyntheticHg38Peak064,chr1,1308472,1308721,23,52,27,22,23,37,68,47
SyntheticHg38Peak065,chr1,1324562,1324811,18,44,21,31,14,16,46,77
SyntheticHg38Peak066,chr1,1312441,1312690,8,25,68,29,25,45,52,59
SyntheticHg38Peak067,chr1,1324631,1324880,22,27,33,25,25,47,29,65
SyntheticHg38Peak068,chr1,1331155,1331404,36,60,24,57,49,25,63,95
SyntheticHg38Peak069,chr1,1349293,1349542,12,13,30,26,13,20,19,16
SyntheticHg38Peak070,chr1,1339583,1339832,4,9,10,13,7,11,18,8
SyntheticHg38Peak071,chr1,1361652,1361901,113,343,121,299,217,325,202,487
SyntheticHg38Peak072,chr1,1375082,1375331,76,169,89,44,105,58,46,86
SyntheticHg38Peak073,chr1,1399210,1399459,54,54,37,26,42,62,46,48
SyntheticHg38Peak074,chr1,1399351,1399600,53,88,101,54,25,134,75,117
SyntheticHg38Peak075,chr1,1407168,1407417,128,195,256,120,170,114,133,159
SyntheticHg38Peak076,chr1,1408971,1409220,33,31,38,94,29,25,52,42
SyntheticHg38Peak077,chr1,1421644,1421893,35,65,32,49,35,20,56,69
SyntheticHg38Peak078,chr1,1420120,1420369,16,41,5,32,7,41,22,63
SyntheticHg38Peak079,chr1,1425746,1425995,35,36,28,22,30,34,67,50
SyntheticHg38Peak080,chr1,1435500,1435749,72,78,60,64,58,46,51,32
SyntheticHg38Peak081,chr1,1434736,1434985,68,52,85,157,43,108,53,96
SyntheticHg38Peak082,chr1,1449564,1449813,93,260,354,258,17,370,302,245
SyntheticHg38Peak083,chr1,1471640,1471889,65,44,54,48,78,69,124,116
SyntheticHg38Peak084,chr1,1512037,1512286,57,57,47,93,20,69,46,13
SyntheticHg38Peak085,chr1,1540499,1540748,181,385,284,270,255,622,475,379
SyntheticHg38Peak086,chr1,1574738,1574987,95,157,113,112,97,39,60,131
SyntheticHg38Peak087,chr1,1600010,1600259,56,110,102,72,35,34,26,66
SyntheticHg38Peak088,chr1,1600057,1600306,82,70,62,101,92,96,79,108
SyntheticHg38Peak089,chr1,1615329,1615578,230,218,393,357,158,399,253,471
SyntheticHg38Peak090,chr1,1632038,1632287,92,151,132,126,103,34,39,282
SyntheticHg38Peak091,chr1,1658887,1659136,74,102,16,31,87,70,50,275
SyntheticHg38Peak092,chr1,1692670,1692919,126,204,53,149,115,176,117,193
SyntheticHg38Peak093,chr1,1692403,1692652,106,36,51,100,30,74,42,148
SyntheticHg38Peak094,chr1,1737563,1737812,409,546,428,271,269,739,424,526
SyntheticHg38Peak095,chr1,1745867,1746116,83,117,182,102,157,134,132,192
SyntheticHg38Peak096,chr1,1780332,1780581,50,46,42,69,24,100,59,35
SyntheticHg38Peak097,chr1,1892167,1892416,60,136,77,83,132,92,121,86
SyntheticHg38Peak098,chr1,1891050,1891299,189,101,70,152,163,179,224,236
SyntheticHg38Peak099,chr1,1908992,1909241,50,129,201,468,216,316,231,198
SyntheticHg38Peak100,chr1,1914983,1915232,36,30,22,130,44,53,42,110
SyntheticHg38Peak101,chr1,1919154,1919403,156,47,82,96,52,114,16,175
SyntheticHg38Peak102,chr1,2003712,2003961,32,54,69,19,38,84,114,61
SyntheticHg38Peak103,chr1,2019029,2019278,221,161,152,83,122,183,102,200
SyntheticHg38Peak104,chr1,2019204,2019453,25,28,19,23,17,14,23,42
SyntheticHg38Peak105,chr1,2047325,2047574,38,46,15,7,29,8,64,42
SyntheticHg38Peak106,chr1,2050051,2050300,37,101,15,48,70,83,89,94
SyntheticHg38Peak107,chr1,2050286,2050535,92,129,186,71,164,148,111,120
SyntheticHg38Peak108,chr1,2184264,2184513,19,10,8,18,9,15,18,22
SyntheticHg38Peak109,chr1,2212595,2212844,252,332,98,122,392,290,131,239
SyntheticHg38Peak110,chr1,2206921,2207170,26,12,21,41,10,46,17,27
SyntheticHg38Peak111,chr1,2212398,2212647,47,47,39,67,18,36,28,52
SyntheticHg38Peak112,chr1,2227263,2227512,79,102,82,120,196,222,96,92
SyntheticHg38Peak113,chr1,2314792,2315041,185,248,154,146,92,242,81,364
SyntheticHg38Peak114,chr1,2391582,2391831,36,24,15,27,18,36,35,31
SyntheticHg38Peak115,chr1,2352695,2352944,27,96,33,69,9,45,66,48
SyntheticHg38Peak116,chr1,2391650,2391899,159,219,148,124,76,199,166,249
SyntheticHg38Peak117,chr1,2413672,2413921,110,167,74,45,132,139,41,122
SyntheticHg38Peak118,chr1,2767966,2768215,32,16,19,21,9,32,19,12
SyntheticHg38Peak119,chr1,2813895,2814144,460,530,155,572,513,380,359,172
SyntheticHg38Peak120,chr1,3021342,3021591,289,168,445,750,403,278,310,242
SyntheticHg38Peak121,chr1,3070126,3070375,57,24,46,147,108,97,37,20
SyntheticHg38Peak122,chr1,3067527,3067776,210,128,176,328,249,269,294,755
SyntheticHg38Peak123,chr1,3069043,3069292,41,45,40,63,32,49,30,37
SyntheticHg38Peak124,chr1,3127850,3128099,32,78,21,99,63,114,43,58
SyntheticHg38Peak125,chr1,3167027,3167276,7,25,25,25,89,45,49,44
SyntheticHg38Peak126,chr1,3213021,3213270,42,15,5,9,5,11,22,10
SyntheticHg38Peak127,chr1,3323024,3323273,20,65,22,96,9,19,68,43
SyntheticHg38Peak128,chr1,3454540,3454789,249,240,297,730,213,372,345,562
SyntheticHg38Peak129,chr1,3624662,3624911,83,78,60,51,46,99,24,97
SyntheticHg38Peak130,chr1,3560665,3560914,68,130,112,74,199,133,154,165
SyntheticHg38Peak131,chr1,3624890,3625139,24,48,30,40,23,28,28,49
SyntheticHg38Peak132,chr1,3652636,3652885,3,13,19,26,14,36,21,43
SyntheticHg38Peak133,chr1,3652391,3652640,174,83,37,259,96,68,51,83
SyntheticHg38Peak134,chr1,3668647,3668896,32,90,54,145,98,28,133,84
SyntheticHg38Peak135,chr1,3714173,3714422,76,68,102,83,153,133,125,53
SyntheticHg38Peak136,chr1,3747248,3747497,86,31,58,26,66,51,77,47
SyntheticHg38Peak137,chr1,3746335,3746584,4,5,10,31,8,7,14,18
SyntheticHg38Peak138,chr1,3772624,3772873,20,66,43,9,20,29,33,20
SyntheticHg38Peak139,chr1,3796373,3796622,196,289,39,66,289,238,188,179
SyntheticHg38Peak140,chr1,3857271,3857520,12,23,14,24,21,5,25,7
SyntheticHg38Peak141,chr1,3857142,3857391,107,370,354,388,210,507,334,193
SyntheticHg38Peak142,chr1,3900168,3900417,59,80,98,55,28,147,81,65
SyntheticHg38Peak143,chr1,3900062,3900311,25,33,22,14,7,55,19,23
SyntheticHg38Peak144,chr1,3940361,3940610,43,49,51,27,33,2,29,31
SyntheticHg38Peak145,chr1,3948899,3949148,83,24,49,69,49,61,14,80
SyntheticHg38Peak146,chr1,3976008,3976257,12,9,1,27,7,25,16,33
SyntheticHg38Peak147,chr1,4411902,4412151,144,280,155,100,336,175,188,113
SyntheticHg38Peak148,chr1,4552020,4552269,116,251,99,122,86,219,132,243
SyntheticHg38Peak149,chr1,4571356,4571605,32,128,80,85,45,27,133,111
SyntheticHg38Peak150,chr1,4654484,4654733,95,203,121,155,78,112,130,69
SyntheticHg38Peak151,chr1,4973256,4973505,80,149,67,245,82,43,111,71
SyntheticHg38Peak152,chr1,4998647,4998896,55,97,46,55,34,45,29,102
SyntheticHg38Peak153,chr1,4997854,4998103,48,42,58,116,72,70,84,95
SyntheticHg38Peak154,chr1,5090774,5091023,27,144,52,43,56,112,202,195
SyntheticHg38Peak155,chr1,5492932,5493181,92,140,168,90,84,84,9,38
SyntheticHg38Peak156,chr1,5709589,5709838,121,57,222,117,73,148,149,262
SyntheticHg38Peak157,chr1,5862616,5862865,29,102,50,56,67,83,70,83
SyntheticHg38Peak158,chr1,5992348,5992597,152,139,65,156,220,135,117,131
SyntheticHg38Peak159,chr1,5990802,5991051,180,89,69,321,177,182,120,232
SyntheticHg38Peak160,chr1,6180196,6180445,105,113,63,152,124,66,100,129
SyntheticHg38Peak161,chr1,6209264,6209513,36,19,42,68,74,78,36,68
SyntheticHg38Peak162,chr1,6205916,6206165,39,82,79,65,28,31,53,117
SyntheticHg38Peak163,chr1,6205350,6205599,122,172,99,164,113,210,261,72
SyntheticHg38Peak164,chr1,6235847,6236096,134,116,148,212,85,342,58,118
SyntheticHg38Peak165,chr1,6234567,6234816,192,104,173,237,38,266,139,347
SyntheticHg38Peak166,chr1,6244054,6244303,102,164,110,373,163,92,186,319
SyntheticHg38Peak167,chr1,6260973,6261222,88,69,25,92,123,102,100,74
SyntheticHg38Peak168,chr1,6393642,6393891,63,93,63,103,100,131,78,221
SyntheticHg38Peak169,chr1,6424545,6424794,96,89,111,14,68,79,72,68
SyntheticHg38Peak170,chr1,6424651,6424900,56,118,98,180,55,109,88,141
SyntheticHg38Peak171,chr1,6429771,6430020,78,126,187,262,64,163,137,124
SyntheticHg38Peak172,chr1,6466050,6466299,106,184,289,385,221,148,263,130
SyntheticHg38Peak173,chr1,6519949,6520198,149,265,217,296,307,185,168,400
SyntheticHg38Peak174,chr1,6554388,6554637,70,119,139,223,171,141,112,81
SyntheticHg38Peak175,chr1,6555182,6555431,50,79,55,70,46,39,135,60
SyntheticHg38Peak176,chr1,6579869,6580118,197,123,78,108,70,129,97,43
SyntheticHg38Peak177,chr1,6614482,6614731,294,259,107,159,116,101,134,201
SyntheticHg38Peak178,chr1,6613606,6613855,67,131,35,93,92,59,86,61
SyntheticHg38Peak179,chr1,6624743,6624992,74,33,65,111,14,57,43,129
SyntheticHg38Peak180,chr1,6701799,6702048,86,145,24,87,19,68,73,31
SyntheticHg38Peak181,chr1,6724501,6724750,82,134,122,171,70,105,100,175
SyntheticHg38Peak182,chr1,6784718,6784967,19,38,26,31,16,111,73,89
SyntheticHg38Peak183,chr1,6785329,6785578,53,94,64,112,76,55,111,57
SyntheticHg38Peak184,chr1,7014154,7014403,23,73,98,141,153,122,69,152
SyntheticHg38Peak185,chr1,7389790,7390039,31,45,41,62,39,81,35,101
SyntheticHg38Peak186,chr1,7441487,7441736,16,49,36,20,24,68,53,92
SyntheticHg38Peak187,chr1,7702403,7702652,8,23,6,16,19,14,0,17
SyntheticHg38Peak188,chr1,7771171,7771420,303,313,209,257,165,303,353,330
SyntheticHg38Peak189,chr1,7784166,7784415,85,57,77,192,203,124,37,100
SyntheticHg38Peak190,chr1,7827217,7827466,60,60,86,170,105,145,104,113
SyntheticHg38Peak191,chr1,7913132,7913381,80,152,98,105,63,110,123,99
SyntheticHg38Peak192,chr1,7943040,7943289,38,52,50,41,32,33,26,60
SyntheticHg38Peak193,chr1,7954166,7954415,54,218,92,54,52,144,50,120
SyntheticHg38Peak194,chr1,7991009,7991258,40,84,77,43,27,72,59,27
SyntheticHg38Peak195,chr1,8026184,8026433,97,237,66,104,100,86,148,173
SyntheticHg38Peak196,chr1,8026549,8026798,109,128,86,137,53,83,43,174
SyntheticHg38Peak197,chr1,8158570,8158819,68,85,69,114,93,54,101,66
SyntheticHg38Peak198,chr1,8239876,8240125,42,24,44,26,26,41,29,57
SyntheticHg38Peak199,chr1,8257232,8257481,63,58,31,76,63,178,40,39
SyntheticHg38Peak200,chr1,8317989,8318238,153,102,77,91,180,130,203,86
SyntheticHg38Peak201,chr1,8848796,8849045,25,94,36,95,114,80,18,47
SyntheticHg38Peak202,chr1,8424520,8424769,73,49,68,59,50,58,68,80
SyntheticHg38Peak203,chr1,8511794,8512043,41,148,64,79,52,49,28,70
SyntheticHg38Peak204,chr1,8879065,8879314,27,123,37,52,60,40,87,91
SyntheticHg38Peak205,chr1,8866465,8866714,43,65,74,101,75,67,86,94
SyntheticHg38Peak206,chr1,8878339,8878588,208,126,83,147,26,151,59,261
SyntheticHg38Peak207,chr1,8926760,8927009,85,101,104,125,75,102,29,102
SyntheticHg38Peak208,chr1,8945742,8945991,24,53,41,42,76,59,44,62
SyntheticHg38Peak209,chr1,9026298,9026547,7,27,17,25,14,11,54,28
SyntheticHg38Peak210,chr1,9088353,9088602,222,243,196,418,197,324,122,243
SyntheticHg38Peak211,chr1,9082571,9082820,49,35,31,50,72,82,16,55
SyntheticHg38Peak212,chr1,9128977,9129226,258,312,395,692,1044,645,556,1035
SyntheticHg38Peak213,chr1,9196960,9197209,134,78,72,129,44,360,315,246
SyntheticHg38Peak214,chr1,9151652,9151901,42,96,29,50,36,73,105,72
SyntheticHg38Peak215,chr1,9181463,9181712,241,683,259,524,367,461,220,460
SyntheticHg38Peak216,chr1,9234649,9234898,573,304,99,341,103,113,371,345
SyntheticHg38Peak217,chr1,9242590,9242839,27,44,68,32,34,67,37,64
SyntheticHg38Peak218,chr1,9292769,9293018,254,464,289,168,127,597,239,232
SyntheticHg38Peak219,chr1,9455522,9455771,876,196,628,309,948,813,438,429
SyntheticHg38Peak220,chr1,9539340,9539589,177,85,187,255,148,223,131,171
SyntheticHg38Peak221,chr1,9588786,9589035,45,48,53,68,55,63,41,70
SyntheticHg38Peak222,chr1,9629300,9629549,64,49,30,84,73,103,52,251
SyntheticHg38Peak223,chr1,9629764,9630013,117,54,64,123,95,81,65,102
SyntheticHg38Peak224,chr1,9654461,9654710,21,45,51,26,20,41,52,38
SyntheticHg38Peak225,chr1,9687479,9687728,13,23,23,66,22,29,21,20
SyntheticHg38Peak226,chr1,9823859,9824108,214,312,292,319,116,546,263,620
SyntheticHg38Peak227,chr1,9910211,9910460,85,66,46,139,146,85,145,123
SyntheticHg38Peak228,chr1,9943282,9943531,29,34,110,88,127,200,45,60
SyntheticHg38Peak229,chr1,9942791,9943040,32,260,365,297,302,659,164,261
SyntheticHg38Peak230,chr1,9960662,9960911,82,123,108,71,83,127,84,87
SyntheticHg38Peak231,chr1,9967256,9967505,33,53,16,23,17,34,46,28
SyntheticHg38Peak232,chr1,9997081,9997330,54,126,77,125,70,98,173,82
SyntheticHg38Peak233,chr1,10032707,10032956,40,57,50,40,50,95,72,66
SyntheticHg38Peak234,chr1,10210445,10210694,124,76,127,134,145,230,121,195
SyntheticHg38Peak235,chr1,10398467,10398716,62,53,78,91,81,124,83,105
SyntheticHg38Peak236,chr1,10429977,10430226,14,59,45,41,34,21,7,26
SyntheticHg38Peak237,chr1,10430308,10430557,9,32,8,16,13,31,15,24
SyntheticHg38Peak238,chr1,10449906,10450155,125,62,42,89,46,54,53,72
SyntheticHg38Peak239,chr1,10472404,10472653,46,29,38,31,49,18,47,73
SyntheticHg38Peak240,chr1,10472163,10472412,41,23,20,12,50,25,38,41
