"field","value"
"data_label","PUBLIC DATA REANALYSIS - GSE186608 HCT116 H3K27ac"
"genome_build","hg38"
"input_coordinate_system","bed_zero_based_half_open"
"analysis_coordinate_system","one_based_closed"
"design","~ condition"
"normalization","deseq2_median_ratio"
"minimum_total_count","0"
"fdr","0.05"
"input_peaks","38649"
"retained_peaks","38649"
"samples","6"
"annotation_enabled","TRUE"
"provenance_accession","GSE186608"
"provenance_citation","Ivancevic et al., Science Advances (2024)"
"provenance_doi","10.1126/sciadv.ado1218"
"provenance_archive","https://zenodo.org/records/10996183"
"provenance_source_tag","v1.0"
"provenance_source_commit","faeef682bebdfb982c70b47a5d7df4ac77f61264"
"provenance_source_license","CC BY 4.0"
"provenance_counting_unit","bedtools multicov aligned-read overlaps"
"provenance_region_set","union of per-sample top-20k peak sets"
"provenance_inference_limit","n=2 treatment replicates per condition; relative signal only"
