"contrast","peak_id","seqnames","start","end","baseMean","log2FoldChange","padj","direction","annotation","SYMBOL"
"cobimetinib_vs_untreated","region34154","chr8",19133772,19136108,717.864376123981,-2.57062913027292,5.89096709818995e-33,"decreased","Intron (ENST00000660401.1/105379301, intron 2 of 3)","LOC105379301"
"cobimetinib_vs_untreated","region22543","chr22",49385423,49388530,1043.0526956901,-3.08914686283178,1.18431361514363e-32,"decreased","Distal Intergenic","LOC124905143"
"cobimetinib_vs_untreated","region30378","chr6",85463159,85465590,594.221222971155,-3.00246635172405,1.27560349739411e-32,"decreased","Intron (ENST00000369651.7/4907, intron 1 of 7)","NT5E"
"cobimetinib_vs_untreated","region22218","chr22",37327450,37328948,637.94641350397,-2.86648481729264,1.04765336306632e-31,"decreased","Intron (ENST00000755722.1/105373024, intron 1 of 2)","LOC105373024"
"cobimetinib_vs_untreated","region37912","chrX",45709266,45711663,864.164108516661,-3.05148706695155,3.00333125250163e-31,"decreased","Distal Intergenic","MFFP3"
"cobimetinib_vs_untreated","region8116","chr12",65654975,65658112,1172.72154269367,-3.13946122160102,1.52574305706087e-29,"decreased","Intron (ENST00000540875.1/ENST00000540875.1, intron 2 of 2)","MSRB3-AS1"
"cobimetinib_vs_untreated","region9366","chr13",44312583,44314784,571.282698215319,-2.55846908650597,5.57345706779223e-28,"decreased","Intron (ENST00000841879.1/107984552, intron 2 of 3)","LOC107984552"
"cobimetinib_vs_untreated","region19221","chr2",138947333,138950015,310.100935336528,-3.10034135375952,2.85244380251869e-27,"decreased","Intron (ENST00000656547.2/105373640, intron 2 of 2)","LOC105373639"
"cobimetinib_vs_untreated","region13801","chr17",17014388,17015597,252.221606251412,-3.3356536070206,1.04796189855821e-26,"decreased","Exon (ENST00000562897.2/ENST00000562897.2, exon 1 of 1)","LINC02090"
"cobimetinib_vs_untreated","region23724","chr3",111922708,111924686,1107.26441343843,-2.31575124220723,3.79375398135892e-25,"decreased","Intron (ENST00000393923.7/90102, intron 6 of 17)","PHLDB2"
"cobimetinib_vs_untreated","region3376","chr1",228543342,228545935,309.575638686504,2.77489469854073,8.55733233013688e-23,"increased","Distal Intergenic","BTNL10P"
"cobimetinib_vs_untreated","region21601","chr21",34807007,34809052,474.24332107446,-2.38455528364544,8.55733233013688e-23,"decreased","Intron (ENST00000344691.8/861, intron 4 of 5)","RUNX1"
"cobimetinib_vs_untreated","region35581","chr8",129684595,129686418,560.692112468076,-2.6214415295134,8.63893767009728e-23,"decreased","Promoter (<=1kb)","CCDC26"
"cobimetinib_vs_untreated","region18260","chr2",45961050,45964511,654.247972972335,-2.16160406523539,4.99403602726445e-22,"decreased","Promoter (<=1kb)","LOC124907761"
"cobimetinib_vs_untreated","region14640","chr17",50638197,50639731,384.875177380943,-2.59381955796461,1.98220281176382e-20,"decreased","Promoter (<=1kb)","LOC101927253"
"cobimetinib_vs_untreated","region8100","chr12",65430136,65432689,820.322405475755,-2.67882385723213,2.87218944621003e-20,"decreased","Intron (ENST00000355192.8/253827, intron 4 of 5)","MSRB3"
"cobimetinib_vs_untreated","region8115","chr12",65648328,65650183,705.331888657245,-2.48955357719115,3.35355880737033e-20,"decreased","Exon (ENST00000743906.1/ENST00000743906.1, exon 3 of 4)","MSRB3-AS1"
"cobimetinib_vs_untreated","region18852","chr2",97868384,97871802,775.539407108179,-1.89672841858587,1.1869786222431e-19,"decreased","Intron (ENST00000186436.10/23505, intron 4 of 40)","TMEM131"
"cobimetinib_vs_untreated","region30685","chr6",113351761,113353617,330.495405422312,-2.28375423609286,4.76939008796679e-19,"decreased","Intron (ENST00000702129.2/107986637, intron 2 of 2)","LOC124901497"
"cobimetinib_vs_untreated","region22542","chr22",49383561,49384266,205.591627339258,-3.12318081267208,8.8046672670729e-19,"decreased","Distal Intergenic","LOC124905143"
"TNFalpha_vs_untreated","region23661","chr3",108130806,108133685,166.070501377616,3.05851869520516,8.10678415141968e-18,"increased","Intron (ENST00000829899.1/105374031, intron 2 of 3)","LINC01215"
"TNFalpha_vs_untreated","region27671","chr5",89312689,89314807,354.283907906961,2.34931624272157,8.10678415141968e-18,"increased","Intron (ENST00000786613.1/101929423, intron 5 of 6)","MEF2C-AS1"
"TNFalpha_vs_untreated","region19898","chr2",207393813,207396042,409.09739366217,2.41126275890453,1.29437222488488e-17,"increased","Intron (ENST00000758189.1/101927865, intron 3 of 8)","MYOSLID-AS1"
"TNFalpha_vs_untreated","region4616","chr10",79331195,79332405,116.224949096068,4.01508848041095,3.55617475958356e-17,"increased","Distal Intergenic","PPIF"
"TNFalpha_vs_untreated","region31899","chr7",18508083,18510070,595.609302221362,2.0674456635076,1.20735366448076e-16,"increased","Promoter (<=1kb)","HDAC9"
"TNFalpha_vs_untreated","region19672","chr2",186543526,186545250,231.380867527054,2.61130621405112,1.22499381157559e-16,"increased","Distal Intergenic","ZC3H15"
"TNFalpha_vs_untreated","region32861","chr7",92641569,92642674,149.642026270902,3.26137530806796,6.68392211908632e-16,"increased","Promoter (<=1kb)","LOC112268009"
"TNFalpha_vs_untreated","region22679","chr3",10191300,10193364,280.106088488361,2.58969493671183,6.68392211908632e-16,"increased","Intron (ENST00000256458.5/3656, intron 2 of 12)","IRAK2"
"TNFalpha_vs_untreated","region5664","chr11",13072907,13074446,156.240032925277,2.8415041572288,9.84324243114619e-16,"increased","Intron (ENST00000531136.1/ENST00000531136.1, intron 1 of 1)","LOC105376558"
"TNFalpha_vs_untreated","region7835","chr12",52440678,52443324,420.721423429268,2.02293847699564,1.44326405202129e-14,"increased","Distal Intergenic","KRT75"
"TNFalpha_vs_untreated","region27991","chr5",115940136,115941872,437.04326536723,2.04667006001436,2.68896469216879e-14,"increased","Distal Intergenic","LINCADL"
"TNFalpha_vs_untreated","region14310","chr17",42328790,42329888,112.038005770985,3.1530624488936,3.54510026459571e-13,"increased","Exon (ENST00000264657.10/6774, exon 12 of 24)","STAT3"
"TNFalpha_vs_untreated","region19241","chr2",142873038,142874985,106.999968280755,3.06913894244675,4.4340281984461e-13,"increased","Promoter (1-2kb)","LOC105373652"
"TNFalpha_vs_untreated","region274","chr1",10598422,10600309,318.381945795361,2.28080655322375,4.4340281984461e-13,"increased","Exon (ENST00000356607.9/5195, exon 4 of 9)","CASZ1"
"TNFalpha_vs_untreated","region3051","chr1",205293343,205295254,268.514596424739,2.15832926963278,4.4340281984461e-13,"increased","Distal Intergenic","NUAK2"
"TNFalpha_vs_untreated","region31483","chr6",161127969,161129251,84.2575192655006,3.57245428997308,8.25547837224863e-13,"increased","Distal Intergenic","MAP3K4"
"TNFalpha_vs_untreated","region27451","chr5",74315585,74316896,82.4517014463115,3.54049161506586,2.33644251942514e-12,"increased","Intron (ENST00000663633.1/104310351, intron 2 of 2)","LINC01335"
"TNFalpha_vs_untreated","region15615","chr18",9657358,9658936,227.685415817465,2.16221656264448,2.37929390592566e-12,"increased","Distal Intergenic","LINC02856"
"TNFalpha_vs_untreated","region8497","chr12",95116672,95119673,366.956176995504,1.78848802933378,2.29763040738084e-11,"increased","Promoter (<=1kb)","FGD6"
"TNFalpha_vs_untreated","region36073","chr9",21831214,21832579,192.274119138952,2.43147820149652,2.29763203627384e-11,"increased","Intron (ENST00000644715.2/4507, intron 4 of 7)","MTAP"
